pair_stat_arbitrage,buy_and_hold_XAUUSD
1.0,1.0
1.0,0.9997408649042369
1.0,0.9987113281724207
1.0,0.9983704838122276
1.0,0.9979315883347186
1.0,0.9976654495877184
1.0,0.9972102122573235
1.0,0.9972522341647447
1.0,0.996832015090534
1.0,0.9970771428838237
1.0,0.9969580808127972
1.0,0.996416465117148
1.0,0.9964748288774551
1.0,0.996962749913622
1.0,0.9971098265895958
1.0,0.9971518484970167
1.0,0.9969814263169202
1.0,0.9972895869713413
1.0,0.9968320150905341
1.0,0.9964094614659113
1.0,0.9951908261507002
1.0,0.9944624464220683
1.0,0.9945091374303138
1.0,0.9937947650041555
1.0,0.9946235304005155
1.0,0.994387740808875
1.0,0.9954592994481122
1.0,0.9966289092046654
1.0,0.9975580602687535
1.0,0.997903573729771
1.0,0.9970514628292884
1.0,0.9964701597766301
1.0,0.9960662825553055
1.0,0.9972942560721657
1.0,0.9963954541634372
1.0,0.9979059082801834
1.0,0.9986926517691224
1.0,0.9987953719872626
1.0,0.9979969557462622
1.0,0.9983751529130521
1.0,0.9984615312783066
1.0,0.998466200379131
1.0,0.9984241784717099
1.0,0.9983051164006838
1.0,0.9981767161280082
1.0,0.9977611661546221
1.0,0.9984498585262452
1.0,0.9980296394520345
1.0,0.9974530055002009
1.0,0.9977961844108064
1.0,0.9977168096967888
1.0,0.9981346942205872
1.0,0.9982934436486225
1.0,0.9984055020684118
1.0,0.9989167686087016
1.0,0.9987346736765437
1.0,0.9990988635408595
1.0,0.9981090141660521
1.0,0.998753350079842
1.0,0.9995774463753773
1.0,0.9994397079010526
1.0,0.9995190826150703
1.0,1.0001564148776232
1.0,1.0009688384210973
1.0,1.000791412589764
1.0,1.002045066161159
1.0,1.0018046074686942
1.0,1.0020847535181678
1.0,1.0022855248536242
1.0,1.0027524349360806
1.0,1.003170319459879
1.0,1.0024559470337207
1.0,1.0022505065974399
1.0,1.0029532062715367
1.0,1.0016411889398344
1.0,1.00304892283844
1.0,1.0023835759709396
1.0,1.0025726745543346
1.0,1.0021127681231152
1.0,1.002175800984247
1.0,1.0025983546088697
1.0,1.0027127475790716
1.0,1.004199856191695
1.0,1.0055352190275197
1.0,1.0050356252392916
1.0,1.0052854221334055
1.0,1.0057733431695726
1.0,1.005154687310318
1.0,1.0046971154295108
1.0,1.0050916544491864
1.0,1.0051266727053705
1.0,1.0059460999000813
1.0,1.0063943335792394
1.0,1.0062449223528531
1.0,1.0071647352152922
1.0,1.0067468506914938
1.0,1.006391999028827
1.0,1.0061562094371868
1.0,1.004932905021151
1.0,1.004816177500537
1.0,1.003845004529028
1.0,1.0042208671454054
1.0,1.0044403148841599
1.0,1.0046761044758004
1.0,1.004540700551888
1.0,1.0048045047484757
1.0,1.004666766274151
1.0,1.0037913098695455
1.0,1.003739949760475
1.0,1.004643420770028
1.0,1.0053671313978356
1.0,1.004335260115607
1.0,1.0043912893255016
1.0,1.0042068598429315
1.0,1.0042722272544753
1.0,1.0036255567902734
1.0,1.003399105400282
1.0,1.001904993136422
1.0,1.0033290688879135
1.0,1.0021221063247638
1.0,1.0015874942803513
1.0,1.0005252738427632
1.0,0.9987907028864381
1.0,0.9991805728052892
1.0,0.9994513806531139
1.0,0.9989144340582891
1.0,0.9986856481178856
1.0,0.9992973003259035
1.0,0.9981136832668766
1.0,0.9940585692007434
1.0,0.9959752350892266
1.0,0.9962320356345777
1.0,0.9958888567239723
1.0,0.9964794979782794
1.0,0.9958981949256213
1.0,0.9957044272414018
1.0,0.9972545687151569
1.0,0.9975814057728761
1.0,0.998650629861701
1.0,0.998491880433666
1.0,0.9989681287177715
1.0,0.9996241373836225
1.0,0.998144032422236
1.0,0.9992249292631225
1.0,0.9979946211958501
1.0,0.9982280762370782
1.0,0.9991011980912715
1.0,0.9998249087190786
1.0,0.9983401346568676
1.0,0.9980016248470868
1.0,0.9972288886606214
1.0,0.9985969352022185
1.0,1.0017649201116845
1.0,1.002591350957632
1.0,1.0024139251262987
1.0,1.0015688178770528
1.0,1.0012326426176843
1.0,1.001090235042535
1.0,1.0019983751529125
1.0,1.0001027202181398
1.0,1.0008964673583154
1.0,1.0008381035980083
1.0,0.999815570517429
1.0,1.0003034915535958
1.0,1.000693361472447
1.0,1.001771923762921
1.0,1.002136113627237
1.0,1.0018256184224037
1.0,1.0016668689943684
1.0,1.0020263897578598
1.0,1.0006723505187365
1.0,1.000352517112254
1.0,1.0001213966214382
1.0,1.0005089319898768
1.0,1.000156414877622
1.0,1.000088712915666
1.0,0.9999206252859818
1.0,0.9999182907355695
1.0,1.0004505682295697
1.0,1.0003058261040083
1.0,1.0010972386937718
1.0,1.0012629917730438
1.0,1.0009198128624384
1.0,1.0020357279595091
1.0,1.0009641693202718
1.0,1.0019096622372459
1.0,1.002624034663404
1.0,1.0026053582601058
1.0,1.0026450456171145
1.0,1.0014567594572632
1.0,1.0024022523742373
1.0,1.0030932792962726
1.0,1.0021221063247634
1.0,1.0014987813646843
1.0,1.0012233044160352
1.0,1.0012092971135613
1.0,1.0022715175511494
1.0,1.0020614080140442
1.0,1.0021687973330091
1.0,1.0017158945530265
