execution_timestamp,action,primary_price,hedge_price,primary_order_delta,hedge_order_delta,primary_target_position,hedge_target_position,hedge_ratio,spread_zscore,rolling_correlation,relative_orderflow_proxy,reason,pair
2026-09-16 14:00:00+00:00,ENTER_SHORT_SPREAD,4350.17,64.754,-1.0,0.4998861798822765,-1.0,0.4998861798822765,0.4998861798822765,2.007650030855228,0.8383642319627519,-0.175123062779516,ENTRY_SHORT_SPREAD,Gold / Silver (Precious Metals)
2026-09-16 21:30:00+00:00,EXIT_SHORT_SPREAD,4284.92,63.336,1.0,-0.4998861798822765,0.0,0.0,0.0,0.4027701261116069,0.8811399166106169,-0.07941388335249958,TARGET_REVERSION,Gold / Silver (Precious Metals)
2026-09-22 22:45:00+00:00,ENTER_LONG_SPREAD,4369.37,67.412,1.0,-0.5888507333637003,1.0,-0.5888507333637003,0.5888507333637003,-2.417447120820828,0.8837853824680576,0.05511789287978219,ENTRY_LONG_SPREAD,Gold / Silver (Precious Metals)
2026-09-23 06:50:00+00:00,EXIT_LONG_SPREAD,4344.33,66.619,-1.0,0.5888507333637003,0.0,0.0,0.0,-0.49492300647085813,0.7674580329957649,0.05476577666722873,TARGET_REVERSION,Gold / Silver (Precious Metals)
2026-09-24 04:30:00+00:00,ENTER_SHORT_SPREAD,4297.36,64.249,-1.0,0.43439012921393283,-1.0,0.43439012921393283,0.43439012921393283,3.1155824785622017,0.9500526689652882,-0.05562101648814967,ENTRY_SHORT_SPREAD,Gold / Silver (Precious Metals)
2026-09-24 11:50:00+00:00,EXIT_SHORT_SPREAD,4262.19,63.638,1.0,-0.43439012921393283,0.0,0.0,0.0,0.4733234558713963,0.9645465700450646,-0.09355774263086665,TARGET_REVERSION,Gold / Silver (Precious Metals)
2026-09-17 17:50:00+00:00,ENTER_SHORT_SPREAD,1.14885,1.33523,-1.0,0.8265055931575888,-1.0,0.8265055931575888,0.8265055931575888,3.3205007690186985,0.9635466874089245,-0.06918130900314559,ENTRY_SHORT_SPREAD,Euro / British Pound (Major FX)
2026-09-18 01:10:00+00:00,EXIT_SHORT_SPREAD,1.1476,1.3359,1.0,-0.8265055931575888,0.0,0.0,0.0,0.4823610138444626,0.9478505788909568,0.11269594992258006,TARGET_REVERSION,Euro / British Pound (Major FX)
2026-09-25 11:55:00+00:00,ENTER_SHORT_SPREAD,1.13919,1.32334,-1.0,0.6664105974077928,-1.0,0.6664105974077928,0.6664105974077928,2.018480219714121,0.9844227502985441,-0.22063123789683478,ENTRY_SHORT_SPREAD,Euro / British Pound (Major FX)
2026-09-25 12:50:00+00:00,EXIT_SHORT_SPREAD,1.13897,1.32394,1.0,-0.6664105974077928,0.0,0.0,0.0,0.4009945282706172,0.9828791399638632,-0.05530963691592637,TARGET_REVERSION,Euro / British Pound (Major FX)
2026-09-25 14:10:00+00:00,ENTER_SHORT_SPREAD,1.1408,1.32538,-1.0,0.6495277925545669,-1.0,0.6495277925545669,0.6495277925545669,2.9616643132948575,0.9744587442067674,-0.14268376496842036,ENTRY_SHORT_SPREAD,Euro / British Pound (Major FX)
2026-09-25 16:20:00+00:00,EXIT_SHORT_SPREAD,1.1399,1.32547,1.0,-0.6495277925545669,0.0,0.0,0.0,0.387966470597926,0.9656130278799038,-0.18050078442014345,TARGET_REVERSION,Euro / British Pound (Major FX)
2026-09-18 07:55:00+00:00,ENTER_SHORT_SPREAD,0.71288,0.57296,-1.0,0.644762553953744,-1.0,0.644762553953744,0.644762553953744,2.028149804311838,0.8677679656480355,-0.21052145383233306,ENTRY_SHORT_SPREAD,Aussie / Kiwi Dollar (Commodity FX)
2026-09-18 16:55:00+00:00,EXIT_SHORT_SPREAD,0.71099,0.57075,1.0,-0.644762553953744,0.0,0.0,0.0,0.3965416547432471,0.6641853868773538,-0.0363039000976406,TARGET_REVERSION,Aussie / Kiwi Dollar (Commodity FX)
2026-09-24 17:20:00+00:00,ENTER_SHORT_SPREAD,0.70221,0.56603,-1.0,1.0939741519165915,-1.0,1.0939741519165915,1.0939741519165915,2.0513098423513374,0.9645586556942275,-0.14169281691563806,ENTRY_SHORT_SPREAD,Aussie / Kiwi Dollar (Commodity FX)
2026-09-24 23:55:00+00:00,EXIT_SHORT_SPREAD,0.70117,0.5663,1.0,-1.0939741519165915,0.0,0.0,0.0,0.34179702291908565,0.9715122011668267,-0.180245201803461,TARGET_REVERSION,Aussie / Kiwi Dollar (Commodity FX)
2026-09-25 07:45:00+00:00,ENTER_SHORT_SPREAD,0.7015,0.56538,-1.0,1.2803508757761368,-1.0,1.2803508757761368,1.2803508757761368,2.2984901624112317,0.9787657195774344,-0.05367186916412216,ENTRY_SHORT_SPREAD,Aussie / Kiwi Dollar (Commodity FX)
2026-09-25 16:40:00+00:00,EXIT_SHORT_SPREAD,0.70271,0.56704,1.0,-1.2803508757761368,0.0,0.0,0.0,0.4970865278669421,0.9675813899948583,-0.04921672829539042,TARGET_REVERSION,Aussie / Kiwi Dollar (Commodity FX)
2026-08-28 17:45:00+00:00,ENTER_LONG_SPREAD,155.74,200.72,1.0,-1.4911903746441737,1.0,-1.4911903746441737,1.4911903746441737,-3.070251472542102,0.9461723212214966,0.051312949623557674,ENTRY_LONG_SPREAD,ExxonMobil / Chevron (Energy Equities)
2026-09-01 16:45:00+00:00,EXIT_LONG_SPREAD,162.82,208.5,-1.0,1.4911903746441737,0.0,0.0,0.0,-1.4143395648182626,0.7815386406309001,0.10433756912541901,MAX_HOLDING,ExxonMobil / Chevron (Energy Equities)
2026-09-09 21:20:00+00:00,ENTER_SHORT_SPREAD,164.68,213.2,-1.0,0.7228343781226634,-1.0,0.7228343781226634,0.7228343781226634,2.013241437312625,0.8826772759944417,-0.055894524352981256,ENTRY_SHORT_SPREAD,ExxonMobil / Chevron (Energy Equities)
2026-09-11 20:20:00+00:00,EXIT_SHORT_SPREAD,165.34,213.79,1.0,-0.7228343781226634,0.0,0.0,0.0,1.1874918170111157,0.7856482227107267,0.0538002897471713,MAX_HOLDING,ExxonMobil / Chevron (Energy Equities)
2026-09-24 18:00:00+00:00,ENTER_SHORT_SPREAD,164.29,207.7,-1.0,0.8550984184430824,-1.0,0.8550984184430824,0.8550984184430824,2.698556721534681,0.9379969510342449,-0.09036986359075261,ENTRY_SHORT_SPREAD,ExxonMobil / Chevron (Energy Equities)
2026-09-24 20:50:00+00:00,EXIT_SHORT_SPREAD,162.43,206.92,1.0,-0.8550984184430824,0.0,0.0,0.0,0.44482156257768585,0.9312463933618258,-0.17737762523634837,TARGET_REVERSION,ExxonMobil / Chevron (Energy Equities)
2026-09-22 15:45:00+00:00,ENTER_LONG_SPREAD,7770.9,52287.0,1.0,-1.7363078481327483,1.0,-1.7363078481327483,1.7363078481327483,-2.7146241492828804,0.8387386773819562,0.05837756877512308,ENTRY_LONG_SPREAD,S&P 500 / Dow Jones 30 (US Indices)
2026-09-22 16:00:00+00:00,EXIT_LONG_SPREAD,7771.7,52374.5,-1.0,1.7363078481327483,0.0,0.0,0.0,-3.7124059393615263,0.8321425086462778,-0.05823362734713193,STOP_LOSS,S&P 500 / Dow Jones 30 (US Indices)
2026-09-22 18:50:00+00:00,ENTER_SHORT_SPREAD,7757.9,51752.3,-1.0,1.600537695279322,-1.0,1.600537695279322,1.600537695279322,2.063904179765887,0.7724626696016396,-0.12249394083208054,ENTRY_SHORT_SPREAD,S&P 500 / Dow Jones 30 (US Indices)
2026-09-22 22:35:00+00:00,EXIT_SHORT_SPREAD,7778.9,51967.3,1.0,-1.600537695279322,0.0,0.0,0.0,0.47830160808953864,0.7234920489276522,-0.004016914655968318,TARGET_REVERSION,S&P 500 / Dow Jones 30 (US Indices)
