execution_timestamp,action,primary_price,hedge_price,primary_order_delta,hedge_order_delta,primary_target_position,hedge_target_position,hedge_ratio,spread_zscore,rolling_correlation,relative_orderflow_proxy
2025-07-18 17:00:00+00:00,ENTER_LONG_SPREAD,110.17,150.47,1.0,-0.7909504729295719,1.0,-0.7909504729295719,0.7909504729295719,-3.6052383083663506,0.8736976634853787,0.11532806875317596
2025-07-18 18:00:00+00:00,EXIT_LONG_SPREAD,108.83,150.71,-1.0,0.7909504729295719,0.0,0.0,0.8593152335244896,-4.6862069007899105,0.8168610576708815,-0.0355467678924488
2025-09-19 16:00:00+00:00,ENTER_SHORT_SPREAD,113.76,157.36,-1.0,1.204991211862878,-1.0,1.204991211862878,1.204991211862878,2.4306665137566625,0.9407175630024537,-0.08143083988675089
2025-09-19 17:00:00+00:00,EXIT_SHORT_SPREAD,113.51,156.1,1.0,-1.204991211862878,0.0,0.0,1.1888289210211453,3.8046535712114404,0.9130303488459933,-0.04178452235494573
2025-09-19 18:00:00+00:00,ENTER_SHORT_SPREAD,113.13,156.06,-1.0,1.1690759160553705,-1.0,1.1690759160553705,1.1690759160553705,2.703228757790358,0.8864953732958054,-0.05753453206656278
2025-09-19 19:00:00+00:00,HEDGE_REBALANCE,113.03,156.16,0.0,-0.0307684097346681,-1.0,1.1383075063207024,1.1383075063207024,2.0732298077382607,0.8596183892669789,-0.0818817305694021
2025-09-19 20:00:00+00:00,HEDGE_REBALANCE,113.1,156.09,0.0,-0.027677304228753474,-1.0,1.110630202091949,1.110630202091949,2.1444499502715364,0.8440143208682683,-0.10018553052312683
2025-09-19 21:00:00+00:00,HEDGE_REBALANCE,113.24,156.09,0.0,-0.03612416556159603,-1.0,1.074506036530353,1.074506036530353,2.17401342644803,0.8252218622937043,0.07041825331485779
2025-09-19 22:00:00+00:00,HEDGE_REBALANCE,112.84,156.13,0.0,-0.029808407807903725,-1.0,1.0446976287224492,1.0446976287224492,1.2275567203850513,0.8102719518664648,-0.041665938241752014
2025-09-22 16:00:00+00:00,EXIT_SHORT_SPREAD,111.97,155.75,1.0,-1.0446976287224492,0.0,0.0,1.026737930665183,0.07965459180806461,0.8047184632504893,-0.047879063056379935
2025-09-26 17:00:00+00:00,ENTER_SHORT_SPREAD,117.55,160.32,-1.0,0.9997758687500005,-1.0,0.9997758687500005,0.9997758687500005,2.499735375848414,0.8742885171799902,-0.07225218180341461
2025-09-26 18:00:00+00:00,HEDGE_REBALANCE,117.98,160.65,0.0,0.02271540390753901,-1.0,1.0224912726575395,1.0224912726575395,2.473489070186292,0.8658111665972887,-0.079117450244145
2025-09-26 19:00:00+00:00,HEDGE_REBALANCE,118.2,160.71,0.0,0.02859035267563592,-1.0,1.0510816253331754,1.0510816253331754,2.4153190029975304,0.8561781828021774,-0.08453321037579088
2025-09-26 20:00:00+00:00,HEDGE_REBALANCE,117.71,159.8,0.0,0.022456929636610834,-1.0,1.0735385549697862,1.0735385549697862,2.43522158671522,0.8498854361544398,-0.07454225978822887
2025-09-26 21:00:00+00:00,HEDGE_REBALANCE,117.46,160.15,0.0,0.02300029340759413,-1.0,1.0965388483773804,1.0965388483773804,1.5414443646686649,0.8465510029153835,-0.13205641014200564
2025-09-26 22:00:00+00:00,HEDGE_REBALANCE,117.22,160.14,0.0,0.022342703999452818,-1.0,1.1188815523768332,1.1188815523768332,1.1131241437168682,0.8458383165759532,-0.23964723020394418
2025-09-29 16:00:00+00:00,HEDGE_REBALANCE,115.0,156.43,0.0,-0.04702890809034699,-1.0,1.0718526442864862,1.0718526442864862,1.9763408595438063,0.8249575542916381,-0.25373733742029786
2025-09-29 17:00:00+00:00,HEDGE_REBALANCE,114.64,156.53,0.0,-0.030350863931035477,-1.0,1.0415017803554507,1.0415017803554507,1.2380328957324522,0.8118272116941506,-0.2963768861558486
2025-09-29 18:00:00+00:00,HEDGE_REBALANCE,114.48,156.34,0.0,-0.03334584160198584,-1.0,1.0081559387534649,1.0081559387534649,1.0950857967113978,0.7993691792683769,-0.31905595674273246
2025-09-29 19:00:00+00:00,HEDGE_REBALANCE,114.25,156.07,0.0,-0.029139066776053157,-1.0,0.9790168719774117,0.9790168719774117,0.9126843232487535,0.790085036495933,-0.3110493529746923
2025-09-29 20:00:00+00:00,HEDGE_REBALANCE,113.88,155.72,0.0,-0.022787024659959854,-1.0,0.9562298473174519,0.9562298473174519,0.6286192040083141,0.7843145886417879,-0.3090485250590544
2025-09-29 21:00:00+00:00,EXIT_SHORT_SPREAD,113.88,156.11,1.0,-0.9562298473174519,0.0,0.0,0.9446005447499296,0.19483355287923018,0.7814905764432525,-0.3049582606475958
2025-10-22 16:00:00+00:00,ENTER_SHORT_SPREAD,113.77,154.96,-1.0,0.4187641335557209,-1.0,0.4187641335557209,0.4187641335557209,3.7204058809553584,0.7206998537874248,-0.13379133373624535
2025-10-22 17:00:00+00:00,EXIT_SHORT_SPREAD,114.03,154.86,1.0,-0.4187641335557209,0.0,0.0,0.4553334201472579,3.6830845222179867,0.7511081720001676,-0.13356201675476884
2025-10-22 18:00:00+00:00,ENTER_SHORT_SPREAD,114.11,154.67,-1.0,0.49285795896594237,-1.0,0.49285795896594237,0.49285795896594237,3.4049031145281248,0.7778137221243485,-0.09624423928516034
2025-10-22 19:00:00+00:00,HEDGE_REBALANCE,113.88,154.25,0.0,0.027212670563230346,-1.0,0.5200706295291727,0.5200706295291727,2.897916682164547,0.782940951381044,-0.07406099378896987
2025-10-22 20:00:00+00:00,HEDGE_REBALANCE,113.6,154.5,0.0,0.02592669787656454,-1.0,0.5459973274057373,0.5459973274057373,2.0547490868624525,0.7956513573478629,-0.09166886118626855
2025-10-22 21:00:00+00:00,HEDGE_REBALANCE,113.87,154.46,0.0,0.0432699950349924,-1.0,0.5892673224407297,0.5892673224407297,2.290116797943141,0.8061705856013356,0.03927897672689622
2025-10-22 22:00:00+00:00,HEDGE_REBALANCE,114.73,155.6,0.0,0.07146088796282712,-1.0,0.6607282104035568,0.6607282104035568,2.4475315002730427,0.8309043863750004,0.010402853355832527
2025-10-23 16:00:00+00:00,HEDGE_REBALANCE,116.02,157.55,0.0,0.09721752472960332,-1.0,0.7579457351331601,0.7579457351331601,2.287058705611099,0.871339591008311,-0.01340965569675996
2025-10-23 17:00:00+00:00,HEDGE_REBALANCE,115.73,156.58,0.0,0.08163808031878583,-1.0,0.8395838154519459,0.8395838154519459,2.190458102831858,0.8899514667863093,0.00814872607307994
2025-10-23 18:00:00+00:00,HEDGE_REBALANCE,116.4,157.42,0.0,0.08971448360829026,-1.0,0.9292982990602362,0.9292982990602362,1.8970032345617205,0.9068996658952396,0.04630161282870664
2025-10-23 19:00:00+00:00,HEDGE_REBALANCE,116.19,157.56,0.0,0.048346599560379344,-1.0,0.9776448986206155,0.9776448986206155,1.2413006661015058,0.9274543253310304,0.001974920394938913
2025-10-23 20:00:00+00:00,HEDGE_REBALANCE,116.05,157.13,0.0,0.0360126377322193,-1.0,1.0136575363528348,1.0136575363528348,1.2875577515390946,0.9359154966139531,0.050255556008843225
2025-10-23 22:00:00+00:00,HEDGE_REBALANCE,115.97,156.55,0.0,0.03144455557812331,-1.0,1.0451020919309582,1.0451020919309582,1.5868735608306157,0.9386558365594793,0.07688684203636773
2025-10-24 16:00:00+00:00,HEDGE_REBALANCE,116.25,157.2,0.0,0.024252079412889982,-1.0,1.0693541713438481,1.0693541713438481,1.1608618245408733,0.943612688937167,0.09409775720011689
2025-10-24 17:00:00+00:00,HEDGE_REBALANCE,115.32,155.93,0.0,0.022684169219955086,-1.0,1.0920383405638032,1.0920383405638032,1.1702298012712484,0.9466970329133652,0.0676940059541151
2025-10-24 18:00:00+00:00,HEDGE_REBALANCE,115.69,156.23,0.0,0.030703953440161635,-1.0,1.1227422940039649,1.1227422940039649,1.2194883660493996,0.9499846065868892,0.09558559685884217
2025-10-24 19:00:00+00:00,HEDGE_REBALANCE,115.52,155.97,0.0,0.022558060856761708,-1.0,1.1453003548607266,1.1453003548607266,1.194689895798123,0.9526354649907641,0.12197861013183742
2025-10-24 20:00:00+00:00,HEDGE_REBALANCE,115.52,155.72,0.0,0.027340927826636774,-1.0,1.1726412826873633,1.1726412826873633,1.3637475852423833,0.9542009335095198,0.12462133243099735
2025-10-24 21:00:00+00:00,HEDGE_REBALANCE,115.59,155.88,0.0,0.020032210487401114,-1.0,1.1926734931747645,1.1926734931747645,1.1979374975982184,0.9554316475476669,0.11840036698687505
2025-10-24 22:00:00+00:00,HEDGE_REBALANCE,115.39,155.57,0.0,0.014722321775612945,-1.0,1.2073958149503774,1.2073958149503774,1.2176604940480107,0.955179593976553,0.16085901584316464
2025-10-27 15:00:00+00:00,HEDGE_REBALANCE,115.48,155.61,0.0,0.014195266962719888,-1.0,1.2215910819130973,1.2215910819130973,1.2143401073570859,0.9549641672360633,0.14335793683005868
2025-10-27 16:00:00+00:00,HEDGE_REBALANCE,115.52,155.82,0.0,0.010398810048195095,-1.0,1.2319898919612924,1.2319898919612924,0.9796966232292323,0.955266148443987,0.12277364460698804
2025-10-27 17:00:00+00:00,HEDGE_REBALANCE,115.65,155.83,0.0,0.011404430946896138,-1.0,1.2433943229081885,1.2433943229081885,1.061191722585338,0.9550812073070678,0.09899096779474269
2025-10-27 18:00:00+00:00,HEDGE_REBALANCE,115.36,155.5,0.0,0.012955582064146487,-1.0,1.256349904972335,1.256349904972335,1.0226124484023498,0.9547926605846391,0.0938453156644484
2025-10-27 19:00:00+00:00,HEDGE_REBALANCE,115.29,155.19,0.0,0.013130925913475533,-1.0,1.2694808308858105,1.2694808308858105,1.217143810718097,0.9534337675967061,0.1317959801920076
2025-10-27 20:00:00+00:00,HEDGE_REBALANCE,115.53,155.48,0.0,0.010306185855534222,-1.0,1.2797870167413448,1.2797870167413448,1.1202739807109847,0.9526869456843741,0.11831992326580876
2025-10-27 21:00:00+00:00,HEDGE_REBALANCE,115.93,155.29,0.0,0.014208155906108466,-1.0,1.2939951726474532,1.2939951726474532,1.6801121404456978,0.9482045497146651,0.2424333076883949
2025-10-28 15:00:00+00:00,HEDGE_REBALANCE,115.33,155.15,0.0,0.013215575738985796,-1.0,1.307210748386439,1.307210748386439,1.0946579957780418,0.946152673829155,0.26222651740990144
2025-10-28 16:00:00+00:00,HEDGE_REBALANCE,115.68,155.32,0.0,0.01801627350226398,-1.0,1.325227021888703,1.325227021888703,1.2337351595987212,0.9427871620564466,0.25616084126650873
2025-10-28 17:00:00+00:00,HEDGE_REBALANCE,115.32,154.94,0.0,0.015089144656626141,-1.0,1.3403161665453291,1.3403161665453291,1.1904487565824537,0.9393147310441631,0.24965488399905716
2025-10-28 18:00:00+00:00,HEDGE_REBALANCE,115.61,154.94,0.0,0.02584164011411416,-1.0,1.3661578066594433,1.3661578066594433,1.4414111479722866,0.9361324566450707,0.36481601293538274
2025-10-28 19:00:00+00:00,HEDGE_REBALANCE,115.34,154.76,0.0,0.007608447273745211,-1.0,1.3737662539331885,1.3737662539331885,1.2804494498969166,0.9305913864224459,0.3115416318447685
2025-10-28 20:00:00+00:00,EXIT_SHORT_SPREAD,115.25,154.3,1.0,-1.3737662539331885,0.0,0.0,1.3806742073635037,1.6215243833769126,0.921745163777061,0.269154900250162
2025-12-03 19:00:00+00:00,ENTER_SHORT_SPREAD,117.64,152.28,-1.0,0.7533042524915565,-1.0,0.7533042524915565,0.7533042524915565,2.0881805649870278,0.7619597467577011,-0.10874709664554086
2025-12-03 20:00:00+00:00,HEDGE_REBALANCE,117.79,151.94,0.0,0.006213522186637954,-1.0,0.7595177746781945,0.7595177746781945,2.5490290292806144,0.7630442212177366,-0.040703852575251755
2025-12-03 21:00:00+00:00,HEDGE_REBALANCE,117.93,151.92,0.0,-0.004866822230398582,-1.0,0.7546509524477959,0.7546509524477959,2.696243275644001,0.7550324085550072,-0.022982923754233033
2025-12-03 22:00:00+00:00,HEDGE_REBALANCE,117.83,151.65,0.0,-0.025309037706462756,-1.0,0.7293419147413331,0.7293419147413331,2.820741950952734,0.7435946981983422,0.05073174664175402
2025-12-04 16:00:00+00:00,HEDGE_REBALANCE,117.84,152.31,0.0,0.005940861023893462,-1.0,0.7352827757652266,0.7352827757652266,2.1723397558425397,0.7587387503431157,0.035365652773038214
2025-12-04 17:00:00+00:00,HEDGE_REBALANCE,117.01,151.43,0.0,0.003706572056764501,-1.0,0.7389893478219911,0.7389893478219911,1.5990056101229841,0.7667757924886955,0.01784006838938714
2025-12-04 18:00:00+00:00,HEDGE_REBALANCE,117.31,151.88,0.0,0.009426969328075185,-1.0,0.7484163171500663,0.7484163171500663,1.6167722694476743,0.7776679450794136,0.014518907890400674
2025-12-04 19:00:00+00:00,HEDGE_REBALANCE,117.19,151.91,0.0,0.0012670368388456588,-1.0,0.749683353988912,0.749683353988912,1.3993197255957233,0.7889080840346103,-0.06117560024490004
2025-12-04 20:00:00+00:00,HEDGE_REBALANCE,117.19,151.95,0.0,0.008603527462471505,-1.0,0.7582868814513835,0.7582868814513835,1.3371062224668657,0.8011479687148949,-0.07006445402149385
2025-12-04 21:00:00+00:00,HEDGE_REBALANCE,116.83,151.51,0.0,0.012798024399095054,-1.0,0.7710849058504785,0.7710849058504785,1.1361752250543176,0.8063880420222149,-0.09814994378776201
2025-12-04 22:00:00+00:00,HEDGE_REBALANCE,117.14,152.26,0.0,0.008207195958006896,-1.0,0.7792921018084854,0.7792921018084854,0.9013195128642959,0.8141675530892123,-0.04959496306517111
2025-12-05 16:00:00+00:00,HEDGE_REBALANCE,117.27,151.86,0.0,0.005680760970937282,-1.0,0.7849728627794227,0.7849728627794227,1.4332521507286629,0.8207257662983276,-0.006632774250992554
2025-12-05 17:00:00+00:00,HEDGE_REBALANCE,118.12,151.94,0.0,0.016250156376245828,-1.0,0.8012230191556685,0.8012230191556685,2.4464828290096414,0.8231617927851661,0.0435920353628963
2025-12-05 18:00:00+00:00,HEDGE_REBALANCE,117.84,151.26,0.0,0.009075681196533347,-1.0,0.8102987003522019,0.8102987003522019,2.4652876096092564,0.8206380428062926,0.08214642331594707
2025-12-05 19:00:00+00:00,HEDGE_REBALANCE,117.82,151.56,0.0,0.01285625782271027,-1.0,0.8231549581749121,0.8231549581749121,2.0753458179593256,0.8263643653001794,0.012229876528646905
2025-12-05 20:00:00+00:00,HEDGE_REBALANCE,117.51,151.26,0.0,0.017692219833530753,-1.0,0.8408471780084429,0.8408471780084429,1.8507070839566269,0.8369985924454019,0.004789256677126721
2025-12-05 21:00:00+00:00,HEDGE_REBALANCE,117.45,151.65,0.0,0.02325011586280301,-1.0,0.8640972938712459,0.8640972938712459,1.3764489560303204,0.8384267239085611,-0.06542223784230154
2025-12-05 22:00:00+00:00,HEDGE_REBALANCE,116.52,149.96,0.0,-0.0002824143783456412,-1.0,0.8638148794929003,0.8638148794929003,1.5670631461990066,0.836712243306681,0.026556271488732797
2025-12-08 16:00:00+00:00,HEDGE_REBALANCE,116.65,149.6,0.0,-0.01212802093198373,-1.0,0.8516868585609165,0.8516868585609165,1.9024688286584206,0.8256193033346769,0.04215487010936944
2025-12-08 17:00:00+00:00,HEDGE_REBALANCE,116.13,148.76,0.0,-0.02556589332494219,-1.0,0.8261209652359743,0.8261209652359743,1.7938123737815819,0.8141213677725424,0.04929484597995333
2025-12-08 18:00:00+00:00,HEDGE_REBALANCE,116.1,148.7,0.0,-0.020005134896940335,-1.0,0.806115830339034,0.806115830339034,1.6777132742988337,0.8052502680402207,0.03279658136497256
2025-12-08 19:00:00+00:00,HEDGE_REBALANCE,115.86,148.32,0.0,-0.02397905420367097,-1.0,0.782136776135363,0.782136776135363,1.5431961876235978,0.7941601506234707,-0.014991953948219228
2025-12-08 20:00:00+00:00,HEDGE_REBALANCE,115.63,147.78,0.0,-0.033858315872685396,-1.0,0.7482784602626776,0.7482784602626776,1.4892499692458614,0.7837472264760744,-0.00994032010153792
2025-12-08 21:00:00+00:00,HEDGE_REBALANCE,115.73,147.97,0.0,-0.0317833706070767,-1.0,0.7164950896556009,0.7164950896556009,1.3272705203884454,0.7711214692572423,-0.09266211595395818
2025-12-08 22:00:00+00:00,HEDGE_REBALANCE,115.99,148.71,0.0,-0.018087445898705923,-1.0,0.698407643756895,0.698407643756895,1.0688224853707398,0.7597624999599331,-0.061115038816256684
2025-12-08 23:00:00+00:00,HEDGE_REBALANCE,115.99,148.7,0.0,-0.0209195429070963,-1.0,0.6774881008497987,0.6774881008497987,0.9846783360728627,0.7465215163321187,-0.037624564089304896
2025-12-09 16:00:00+00:00,EXIT_SHORT_SPREAD,120.11,149.51,1.0,-0.6774881008497987,0.0,0.0,0.6063916960714619,4.088603241546854,0.6151530256265934,0.11428566987652097
2026-01-05 16:00:00+00:00,ENTER_LONG_SPREAD,123.3,160.1,1.0,-0.8272322570395371,1.0,-0.8272322570395371,0.8272322570395371,-3.3336336259132344,0.9113259512651586,0.3132640519497679
2026-01-05 17:00:00+00:00,HEDGE_REBALANCE,124.81,162.96,0.0,0.08791147497446272,1.0,-0.7393207820650743,0.7393207820650743,-2.3944240674634716,0.908864761784975,0.22141438559544385
2026-01-05 18:00:00+00:00,HEDGE_REBALANCE,125.67,164.38,0.0,0.051571803658641,1.0,-0.6877489784064333,0.6877489784064333,-1.491292836023926,0.9173940337564931,0.1784857012451319
2026-01-05 19:00:00+00:00,HEDGE_REBALANCE,125.57,164.73,0.0,0.03867837818819875,1.0,-0.6490706002182346,0.6490706002182346,-1.283803342737944,0.9246328208801924,0.1562017177439702
2026-01-05 20:00:00+00:00,HEDGE_REBALANCE,125.45,164.68,0.0,0.029339351238078515,1.0,-0.6197312489801561,0.6197312489801561,-0.9846864198646851,0.9317390283192433,0.12132619546472673
2026-01-05 21:00:00+00:00,HEDGE_REBALANCE,125.27,164.25,0.0,0.021238116413391017,1.0,-0.5984931325667651,0.5984931325667651,-0.6677136751473532,0.9383752617472525,0.14605908920988497
2026-01-05 22:00:00+00:00,EXIT_LONG_SPREAD,125.39,163.88,-1.0,0.5984931325667651,0.0,0.0,0.5847122845495228,-0.10682930761384855,0.9456552803115166,0.17482813598398092
2026-01-07 16:00:00+00:00,ENTER_LONG_SPREAD,119.59,156.61,1.0,-0.5372396028936226,1.0,-0.5372396028936226,0.5372396028936226,-3.257739834022818,0.9453458758392222,0.18923723691139166
2026-01-07 17:00:00+00:00,HEDGE_REBALANCE,119.74,156.54,0.0,0.010749352610753382,1.0,-0.5264902502828692,0.5264902502828692,-2.717446409310356,0.930470899716254,0.16755101520046725
2026-01-07 18:00:00+00:00,HEDGE_REBALANCE,119.31,156.19,0.0,0.009137732243789998,1.0,-0.5173525180390792,0.5173525180390792,-2.7554779726970033,0.9120612149249616,0.14402065912057463
2026-01-07 19:00:00+00:00,HEDGE_REBALANCE,118.54,155.42,0.0,0.0061080071436463435,1.0,-0.5112445108954329,0.5112445108954329,-2.9360373679945875,0.8885833475992634,0.11360606567072726
2026-01-07 20:00:00+00:00,HEDGE_REBALANCE,119.02,156.13,0.0,0.0071318516295374446,1.0,-0.5041126592658954,0.5041126592658954,-2.4742464595798523,0.8683915482373552,0.13856792363166617
2026-01-07 21:00:00+00:00,HEDGE_REBALANCE,119.13,155.87,0.0,0.006550139277560374,1.0,-0.49756251998833506,0.49756251998833506,-2.091997695219103,0.8513352256889511,0.11631628666914343
2026-01-07 22:00:00+00:00,HEDGE_REBALANCE,118.49,155.19,0.0,0.004196236667108666,1.0,-0.4933662833212264,0.4933662833212264,-2.269041687454526,0.8311919034298525,0.02582804884691481
2026-01-08 16:00:00+00:00,HEDGE_REBALANCE,120.13,156.6,0.0,0.003501186189083405,1.0,-0.489865097132143,0.489865097132143,-1.1600169420915196,0.822384000956002,0.06941146762012373
2026-01-08 17:00:00+00:00,HEDGE_REBALANCE,120.61,157.62,0.0,0.006162055907430242,1.0,-0.48370304122471275,0.48370304122471275,-0.9970750712333484,0.8131844596774161,0.0931344849946992
2026-01-08 18:00:00+00:00,EXIT_LONG_SPREAD,121.05,157.36,-1.0,0.48370304122471275,0.0,0.0,0.4803247379204759,-0.45970345121729156,0.8080609401150215,0.14457518051791673
2026-01-30 17:00:00+00:00,ENTER_LONG_SPREAD,139.71,173.63,1.0,-1.5922733623878194,1.0,-1.5922733623878194,1.5922733623878194,-2.183239196573875,0.9034062674842962,0.09361622543352832
2026-01-30 18:00:00+00:00,HEDGE_REBALANCE,139.59,174.34,0.0,0.11069008223083077,1.0,-1.4815832801569886,1.4815832801569886,-2.2881046397596077,0.9016424688099223,0.08467428108022007
2026-01-30 19:00:00+00:00,HEDGE_REBALANCE,138.25,173.16,0.0,0.07956627469280253,1.0,-1.402017005464186,1.402017005464186,-1.9946424636540139,0.9006515383902175,0.06833791279061383
2026-01-30 20:00:00+00:00,HEDGE_REBALANCE,139.42,174.15,0.0,0.06312798466797465,1.0,-1.3388890207962114,1.3388890207962114,-1.7316933590413184,0.8974850771423305,0.07586784124557977
2026-01-30 21:00:00+00:00,HEDGE_REBALANCE,140.28,175.71,0.0,0.08288818760965344,1.0,-1.256000833186558,1.256000833186558,-1.7982852967358651,0.8940255085074933,0.03659539214643864
2026-01-30 22:00:00+00:00,HEDGE_REBALANCE,141.61,177.0,0.0,0.0721675684747205,1.0,-1.1838332647118375,1.1838332647118375,-1.4925701798437936,0.8960446821464315,0.007313997268421607
2026-02-02 16:00:00+00:00,HEDGE_REBALANCE,138.23,172.8,0.0,0.03489605968025922,1.0,-1.1489372050315783,1.1489372050315783,-1.1371845369702758,0.8982798319105042,-0.009036884525696315
2026-02-02 17:00:00+00:00,HEDGE_REBALANCE,139.25,174.67,0.0,0.054681603613316865,1.0,-1.0942556014182614,1.0942556014182614,-1.3107308624924925,0.9012780595391899,-0.03358701179912772
2026-02-02 18:00:00+00:00,HEDGE_REBALANCE,139.25,174.73,0.0,0.050684698811983786,1.0,-1.0435709026062776,1.0435709026062776,-1.2028163068831734,0.905148397421845,-0.06368729900259808
2026-02-02 19:00:00+00:00,HEDGE_REBALANCE,139.62,174.92,0.0,0.04468248721874235,1.0,-0.9988884153875353,0.9988884153875353,-0.9931485595891435,0.9062532363029445,-0.05215374991359238
2026-02-02 20:00:00+00:00,HEDGE_REBALANCE,138.13,174.54,0.0,0.039339643230748234,1.0,-0.959548772156787,0.959548772156787,-1.3999239264377383,0.9016867692009867,-0.05064328142649928
2026-02-02 21:00:00+00:00,HEDGE_REBALANCE,138.5,175.13,0.0,0.03779354480310271,1.0,-0.9217552273536843,0.9217552273536843,-1.309339034800633,0.8977263867121662,-0.04435307001069366
2026-02-02 22:00:00+00:00,HEDGE_REBALANCE,138.36,174.11,0.0,0.02423935927995502,1.0,-0.8975158680737293,0.8975158680737293,-0.9744914823943637,0.8975278076982456,0.03502502647309226
2026-02-03 16:00:00+00:00,EXIT_LONG_SPREAD,141.18,175.27,-1.0,0.8975158680737293,0.0,0.0,0.8938326405850312,-0.0992406848896966,0.9036934990578686,0.05622365536976566
2026-03-13 15:00:00+00:00,ENTER_SHORT_SPREAD,155.37,196.97,-1.0,0.5455362125078047,-1.0,0.5455362125078047,0.5455362125078047,2.7428675831558107,0.8069068568857981,-0.2459213882871894
2026-03-13 16:00:00+00:00,HEDGE_REBALANCE,153.99,195.02,0.0,0.011676018323295456,-1.0,0.5572122308311002,0.5572122308311002,2.019229027769894,0.8382244295269847,-0.24942368411919297
2026-03-13 17:00:00+00:00,HEDGE_REBALANCE,154.33,195.08,0.0,0.014851832337511972,-1.0,0.5720640631686121,0.5720640631686121,2.321930118986526,0.8749619821108793,-0.2287752515953148
2026-03-13 18:00:00+00:00,HEDGE_REBALANCE,155.58,195.8,0.0,0.019663142567752256,-1.0,0.5917272057363644,0.5917272057363644,3.044145882184332,0.9027338597725411,-0.20564831991679955
2026-03-13 19:00:00+00:00,HEDGE_REBALANCE,155.92,196.25,0.0,0.020113149277548592,-1.0,0.611840355013913,0.611840355013913,2.80808953638821,0.9079122818337684,-0.19215001356871383
2026-03-13 20:00:00+00:00,HEDGE_REBALANCE,156.76,196.54,0.0,0.02327127806478224,-1.0,0.6351116330786952,0.6351116330786952,3.074080346947253,0.9096334580452802,-0.12688022978839192
2026-03-13 21:00:00+00:00,HEDGE_REBALANCE,156.12,196.82,0.0,0.013647384606031876,-1.0,0.6487590176847271,0.6487590176847271,2.145089781637792,0.9144682653227708,-0.1526209423541073
2026-03-16 15:00:00+00:00,HEDGE_REBALANCE,156.16,196.87,0.0,0.012445708300194203,-1.0,0.6612047259849213,0.6612047259849213,1.9912722929987554,0.9195925586057241,-0.15460350323691496
2026-03-16 16:00:00+00:00,HEDGE_REBALANCE,157.48,197.64,0.0,0.021300494477438092,-1.0,0.6825052204623594,0.6825052204623594,2.505958375808795,0.9219951813538123,-0.10635720101849104
2026-03-16 17:00:00+00:00,HEDGE_REBALANCE,157.28,196.83,0.0,0.02042278584510715,-1.0,0.7029280063074665,0.7029280063074665,2.426959929994602,0.9224174778178532,-0.12187427847412236
2026-03-16 18:00:00+00:00,HEDGE_REBALANCE,156.97,196.85,0.0,0.017014471071467474,-1.0,0.719942477378934,0.719942477378934,1.979664638259331,0.9257331754543614,-0.12875109963214917
2026-03-16 19:00:00+00:00,HEDGE_REBALANCE,157.02,196.87,0.0,0.016748389060594504,-1.0,0.7366908664395285,0.7366908664395285,1.8416361850861058,0.9245339364215048,-0.11073653398104441
2026-03-16 20:00:00+00:00,HEDGE_REBALANCE,157.13,197.06,0.0,0.015034968430413853,-1.0,0.7517258348699424,0.7517258348699424,1.6932247196460977,0.9248498666406272,-0.05258202540465169
2026-03-16 21:00:00+00:00,HEDGE_REBALANCE,157.23,196.83,0.0,0.018346318284997554,-1.0,0.7700721531549399,0.7700721531549399,1.7222814048624508,0.9254168810430619,0.03631582726271127
2026-03-17 15:00:00+00:00,HEDGE_REBALANCE,158.9,198.9,0.0,0.02744611108348649,-1.0,0.7975182642384264,0.7975182642384264,1.8006805615184727,0.92885963216838,0.06603578559171258
2026-03-17 16:00:00+00:00,HEDGE_REBALANCE,159.52,199.24,0.0,0.03216048895881718,-1.0,0.8296787531972436,0.8296787531972436,1.8515190041682985,0.9315379524598102,0.16999720589326411
2026-03-17 17:00:00+00:00,HEDGE_REBALANCE,159.98,200.18,0.0,0.028827538997772684,-1.0,0.8585062921950163,0.8585062921950163,1.544181138793771,0.9354868611502685,0.1768786226453417
2026-03-17 18:00:00+00:00,HEDGE_REBALANCE,160.01,199.6,0.0,0.02917576605372696,-1.0,0.8876820582487432,0.8876820582487432,1.6357550083221317,0.9378936282745498,0.17090570763309565
2026-03-17 19:00:00+00:00,HEDGE_REBALANCE,159.49,198.56,0.0,0.01922519353900376,-1.0,0.906907251787747,0.906907251787747,1.6308840270073466,0.9380675887448595,0.1949736515329362
2026-03-17 20:00:00+00:00,HEDGE_REBALANCE,159.23,198.56,0.0,0.012644814851868746,-1.0,0.9195520666396158,0.9195520666396158,1.359702970554535,0.9381490692783734,0.12737915286281193
2026-03-17 21:00:00+00:00,HEDGE_REBALANCE,158.82,197.98,0.0,0.009467390239199402,-1.0,0.9290194568788152,0.9290194568788152,1.2833499366500167,0.9378227286176819,0.13326557701547395
2026-03-18 15:00:00+00:00,HEDGE_REBALANCE,159.32,199.07,0.0,0.00821308593001957,-1.0,0.9372325428088347,0.9372325428088347,1.0073125199250665,0.9383858884028375,0.12671119662151006
2026-03-18 16:00:00+00:00,HEDGE_REBALANCE,159.24,199.59,0.0,0.004522458046237521,-1.0,0.9417550008550722,0.9417550008550722,0.6485713173150415,0.9394034607669677,0.0934488158592923
2026-03-18 17:00:00+00:00,EXIT_SHORT_SPREAD,158.62,199.72,1.0,-0.9417550008550722,0.0,0.0,0.9399418791444771,0.14529435507240496,0.9406702747671916,0.03796326844781586
2026-08-27 20:00:00+00:00,ENTER_LONG_SPREAD,157.72,200.74,1.0,-1.3876997155858932,1.0,-1.3876997155858932,1.3876997155858932,-2.4144161458975018,0.9668056585950767,0.10238718315096491
2026-08-27 21:00:00+00:00,HEDGE_REBALANCE,157.14,200.23,0.0,-0.021122611445455908,1.0,-1.4088223270313491,1.4088223270313491,-2.279500991968796,0.9635613405824182,-0.014248982786454423
2026-08-27 22:00:00+00:00,HEDGE_REBALANCE,156.42,199.68,0.0,-0.024609528414893722,1.0,-1.4334318554462429,1.4334318554462429,-2.1981495609039046,0.9612749431907388,-0.09449540838610976
2026-08-28 16:00:00+00:00,HEDGE_REBALANCE,156.11,200.59,0.0,-0.027092477424458306,1.0,-1.4605243328707012,1.4605243328707012,-3.0428491601962637,0.9539391582455786,-0.14296661016335985
2026-08-28 17:00:00+00:00,HEDGE_REBALANCE,155.53,200.52,0.0,-0.030666041632769314,1.0,-1.4911903745034705,1.4911903745034705,-3.0533788467000713,0.9461723211587508,-0.1993981428012494
2026-08-28 18:00:00+00:00,HEDGE_REBALANCE,155.94,201.35,0.0,-0.024260720302762273,1.0,-1.5154510948062327,1.5154510948062327,-3.0858356802241875,0.9365756962857191,-0.2422597623816397
2026-08-28 19:00:00+00:00,HEDGE_REBALANCE,156.3,202.0,0.0,-0.016256035826306636,1.0,-1.5317071306325394,1.5317071306325394,-3.0124426775893234,0.9251166461799069,-0.256480918534581
2026-08-28 20:00:00+00:00,HEDGE_REBALANCE,155.67,201.65,0.0,-0.021512653538394266,1.0,-1.5532197841709336,1.5532197841709336,-2.8161781467393108,0.9143799478277523,-0.22330823936434607
2026-08-28 21:00:00+00:00,HEDGE_REBALANCE,155.8,201.43,0.0,-0.020767097769666787,1.0,-1.5739868819406004,1.5739868819406004,-2.3425730326421856,0.9072211929519663,-0.22812277977055415
2026-08-28 22:00:00+00:00,HEDGE_REBALANCE,156.68,201.83,0.0,-0.011488940184371632,1.0,-1.585475822124972,1.585475822124972,-1.9538628773379105,0.9017604408936196,-0.2344666030195174
2026-08-31 16:00:00+00:00,HEDGE_REBALANCE,160.53,206.6,0.0,0.049528361609258775,1.0,-1.5359474605157133,1.5359474605157133,-2.725093350392746,0.8819593686870829,-0.1864794930237044
2026-08-31 17:00:00+00:00,HEDGE_REBALANCE,159.83,205.64,0.0,0.03322099023847902,1.0,-1.5027264702772343,1.5027264702772343,-2.262159229049308,0.8658913071264968,-0.1590113899795637
2026-08-31 18:00:00+00:00,HEDGE_REBALANCE,159.01,204.84,0.0,0.022681647225202273,1.0,-1.480044823052032,1.480044823052032,-2.030719689083141,0.8515022733395479,-0.15130493096970224
2026-08-31 19:00:00+00:00,HEDGE_REBALANCE,158.9,204.28,0.0,0.015296256598043678,1.0,-1.4647485664539883,1.4647485664539883,-1.6497921984459756,0.8399753047448549,-0.15690426263621332
2026-08-31 20:00:00+00:00,HEDGE_REBALANCE,160.1,205.02,0.0,0.02943956355148125,1.0,-1.435309002902507,1.435309002902507,-1.3718004147543452,0.8268627926406391,-0.15083091121639058
2026-08-31 21:00:00+00:00,HEDGE_REBALANCE,159.89,204.6,0.0,0.026492833225510326,1.0,-1.4088161696769967,1.4088161696769967,-1.157017919654717,0.8139683720646183,-0.11628368288335314
2026-08-31 22:00:00+00:00,HEDGE_REBALANCE,160.96,206.11,0.0,0.04190671739080587,1.0,-1.3669094522861909,1.3669094522861909,-1.3083700161715757,0.7987846065295926,-0.0859779883732709
2026-09-01 16:00:00+00:00,HEDGE_REBALANCE,163.19,208.66,0.0,0.06739071776161132,1.0,-1.2995187345245796,1.2995187345245796,-1.3164923467563985,0.7815386405990014,-0.11174323750500276
2026-09-01 17:00:00+00:00,HEDGE_REBALANCE,163.2,209.07,0.0,0.06858047365575448,1.0,-1.230938260868825,1.230938260868825,-1.270803154134541,0.7641819215472478,-0.11534863549197373
2026-09-01 18:00:00+00:00,HEDGE_REBALANCE,162.79,208.31,0.0,0.049772399474855344,1.0,-1.1811658613939697,1.1811658613939697,-0.960009524286574,0.7500043538826096,-0.10253848123480955
2026-09-01 19:00:00+00:00,HEDGE_REBALANCE,163.26,208.54,0.0,0.042038898909470435,1.0,-1.1391269624844993,1.1391269624844993,-0.7030880993079875,0.7410574843289717,-0.06229150755815102
2026-09-01 20:00:00+00:00,HEDGE_REBALANCE,164.09,210.0,0.0,0.06774612871186081,1.0,-1.0713808337726385,1.0713808337726385,-0.6844633615957612,0.7276107706216901,-0.05317269749390982
2026-09-01 21:00:00+00:00,EXIT_LONG_SPREAD,164.47,210.04,-1.0,1.0713808337726385,0.0,0.0,1.0111601481498271,-0.3021401039516759,0.7175521173379243,-0.026501993432467168
