execution_timestamp,action,price,order_delta,target_position,reason,strategy
2026-06-18 16:00:00+00:00,OPEN_SHORT,136.41,-1.0,-1.0,OPEN_SHORT,bollinger_bands
2026-06-18 17:00:00+00:00,CLOSE_SHORT,137.02,1.0,0.0,CLOSE_SHORT,bollinger_bands
2026-07-02 16:00:00+00:00,OPEN_LONG,138.13,1.0,1.0,OPEN_LONG,bollinger_bands
2026-07-02 17:00:00+00:00,CLOSE_LONG,138.41,-1.0,0.0,CLOSE_LONG,bollinger_bands
2026-07-17 16:00:00+00:00,OPEN_LONG,148.75,1.0,1.0,OPEN_LONG,bollinger_bands
2026-07-17 17:00:00+00:00,CLOSE_LONG,147.97,-1.0,0.0,CLOSE_LONG,bollinger_bands
2026-08-18 18:00:00+00:00,OPEN_LONG,164.69,1.0,1.0,OPEN_LONG,bollinger_bands
2026-08-18 19:00:00+00:00,CLOSE_LONG,164.48,-1.0,0.0,CLOSE_LONG,bollinger_bands
2026-08-19 16:00:00+00:00,OPEN_LONG,167.39,1.0,1.0,OPEN_LONG,bollinger_bands
2026-08-19 17:00:00+00:00,CLOSE_LONG,167.59,-1.0,0.0,CLOSE_LONG,bollinger_bands
2026-09-01 16:00:00+00:00,OPEN_LONG,163.19,1.0,1.0,OPEN_LONG,bollinger_bands
2026-09-01 17:00:00+00:00,CLOSE_LONG,163.2,-1.0,0.0,CLOSE_LONG,bollinger_bands
