pair_stat_arbitrage,buy_and_hold_SPY
1.0,1.0
1.0,0.9954577534881196
1.0,1.002443040952605
1.0,0.9980455672379159
1.0,0.9978826978410755
1.0,1.013898188530375
1.0,1.0172279628657774
1.0,1.0171917696664796
1.0,1.0145496661177362
1.0,1.0165945818780648
1.0,1.0184404350422553
1.0,1.018349952044011
1.0,1.0206120270001267
1.0,1.0203043848060946
1.0,1.02173401617836
1.0,1.0262762626902402
1.0,1.0300584520168656
1.0,1.0261133932933997
1.0,1.0261676830923465
1.0,1.014839211712119
1.0,1.0127038129535457
1.0,1.0149477913100127
1.0,1.014893501511066
1.0,1.0159250076910546
1.0,1.01532781990264
1.0,1.0154363995005338
1.0,1.019779583416276
1.0,1.0238694149369332
1.0,1.0223493005664235
1.0,1.0191642990282124
1.0,1.028339275050218
1.0,1.026095296693751
1.0,1.026366745688485
1.0,1.0304203840098445
1.0,1.0281764056533775
1.0,1.0240322843337735
1.0,1.0227474257586997
1.0,1.0214625671836262
1.0,1.0237065455400929
1.0,1.0237427387393907
1.0,1.016087877087895
1.0,1.012378074159865
1.0,1.0200148392117119
1.0,1.0186575942380425
1.0,1.018006116650681
1.0,1.020992055592754
1.0,1.0205758338008286
1.0,1.0379304728641485
1.0,1.0385095640529143
1.0,1.0371523190792449
1.0,1.0370980292802983
1.0,1.03807524566134
1.0,1.038781013047648
1.0,1.0387629164479992
1.0,1.0423279465788378
1.0,1.0401020648220198
1.0,1.0404639968149985
1.0,1.0389619790441376
1.0,1.038618143650808
1.0,1.0411335710020087
1.0,1.0412602471995511
1.0,1.0376590238694148
1.0,1.032700555565609
1.0,1.0305832534066848
1.0,1.0279592464575904
1.0,1.0268191606797081
1.0,1.0292260084330154
1.0,1.0291174288351217
1.0,1.032935811361045
1.0,1.027778280461101
1.0,1.0254619157060383
1.0,1.0254076259070914
1.0,1.0270544164751436
1.0,1.0260952966937507
1.0,1.0261133932933997
1.0,1.0112379883819824
1.0,1.0096454876128769
1.0,1.007148156861325
1.0,1.006912901065889
1.0,1.0065509690729106
1.0,1.0056823322897621
1.0,1.0056823322897621
1.0,0.9948424691000555
1.0,0.9982084366347558
1.0,1.0013210517743711
1.0,1.00133914837402
1.0,1.001031506179988
1.0,1.006876707866591
1.0,1.0118532727700456
1.0,1.008378725637452
1.0,1.0129028755496834
1.0,1.0162507464847348
1.0,1.0146582457156292
1.0,1.0115999203749606
1.0,1.0091749760220043
1.0,1.0153097233029902
1.0,1.0111294087840885
1.0,1.0171917696664787
1.0,1.0175356050598081
1.0,1.023688448940443
1.0,1.020774896396966
1.0,1.0154183029008839
1.0,1.0218425957762525
1.0,0.9861199080692726
1.0,0.9775602164353309
1.0,0.983568287518774
1.0,0.9834416113212316
1.0,0.9805642519770523
1.0,0.9804737689788076
1.0,0.9729093903255567
1.0,0.8970303479976102
1.0,0.9155250728388126
1.0,0.903925152463851
1.0,0.8970484445972591
1.0,0.921279791527171
1.0,0.9106389909336026
1.0,0.9130277420872608
1.0,0.945710201053221
1.0,0.9371324128196301
1.0,0.935177980057546
1.0,0.9177509545956304
1.0,0.9169366076114287
1.0,0.9078883077869657
1.0,0.8989304909607474
1.0,0.9045585334515633
1.0,0.8925785844839744
1.0,0.8975370527877802
1.0,0.9070015744041683
1.0,0.9679328254221019
1.0,0.9607122821621805
1.0,0.9833692249226357
1.0,0.9573101214281824
1.0,0.9525869089198127
1.0,0.938562044191895
1.0,0.9405888633525747
1.0,0.9485875603974
1.0,0.9520078177310473
1.0,0.9495466801787933
1.0,0.9526050055194617
1.0,0.9467959970321566
1.0,0.9535822219005039
1.0,0.9622323965326904
1.0,0.9676251832280705
1.0,0.9630286469172431
1.0,0.9663222280533478
1.0,0.9780669212255007
1.0,0.9815957581570411
1.0,0.9694891329919099
1.0,0.9691091043992823
1.0,0.975352431278162
1.0,0.978537432816373
1.0,0.9753524312781621
1.0,0.9798946777900426
1.0,0.9783021770209371
1.0,0.9789717512079474
1.0,0.9754791074757047
1.0,0.9741037659023862
1.0,0.9747371468900987
1.0,0.9731084529216955
1.0,0.9589750085958841
1.0,0.9632277095133818
1.0,0.9622142999330421
1.0,0.9607303787618301
1.0,0.9484427876002094
1.0,0.9461626160444447
1.0,0.9513925333429845
1.0,0.9568396098373111
1.0,0.9502162543658041
1.0,0.9532564831068236
1.0,0.9589569119962353
1.0,0.958287337809225
1.0,0.9564414846450345
1.0,0.9525869089198133
1.0,0.9366076114298117
1.0,0.9312510179337298
1.0,0.92484482165801
1.0,0.9251343672523927
1.0,0.9210264391320865
1.0,0.9207007003384058
1.0,0.9300747389565495
1.0,0.9444434390777966
1.0,0.949474293780198
1.0,0.9521887837275368
1.0,0.9546861144790886
1.0,0.9444434390777966
1.0,0.9532745797064726
1.0,0.9535822219005043
1.0,0.9837311569156149
1.0,0.9818310139524775
1.0,0.9725655549322274
1.0,0.9739951863044928
1.0,0.9742485386995777
1.0,0.9706292187697925
1.0,0.9689100418031444
1.0,0.9762753578602574
1.0,0.9816681445556374
1.0,0.982211042545105
1.0,0.9870066414520703
1.0,0.9867532890569853
1.0,0.9882372102281973
1.0,0.9890696538120477
1.0,0.9860475216706771
1.0,0.9888524946162605
1.0,0.9900106769937919
1.0,0.9936842867225237
1.0,0.9914945981650036
1.0,0.9950234350965443
1.0,0.996308293671618
1.0,0.9958377820807459
1.0,0.9963625834705649
1.0,0.9907526375793979
1.0,0.9889248810148564
1.0,0.9911507627716744
1.0,0.9930147125355137
1.0,0.9970864474565221
1.0,0.9962540038726714
1.0,1.0006514775873605
1.0,0.9984436924301915
1.0,0.9972493168533624
1.0,1.0038726723248692
1.0,1.0031126151396141
1.0,1.0028230695452314
1.0,0.9806366383756482
1.0,0.9898297109973027
1.0,0.994371957509183
1.0,0.9944986337067253
1.0,0.9961635208744266
1.0,0.9945891167049701
1.0,1.00318500153821
1.0,1.0113284713802266
1.0,1.0194719412222435
1.0,1.0140791545268635
1.0,1.0128485857507366
1.0,1.0144410865198419
1.0,1.0164860022801705
1.0,1.0106588971932162
1.0,1.0199605494127642
1.0,1.0239056081362299
1.0,1.024665665321485
1.0,1.0270001266761963
1.0,1.0265296150853243
1.0,1.0262581660905905
1.0,1.0254257225067398
1.0,1.0188566568341797
1.0,1.0224216869650182
1.0,1.0224759767639648
1.0,1.0235617727429003
1.0,1.0236884489404428
1.0,1.023869414936932
1.0,1.0198157766155727
1.0,1.008704464431132
1.0,1.0147668253135225
1.0,1.0140067681282676
1.0,1.0120161421668856
1.0,1.0106227039939184
1.0,1.015327819902639
1.0,1.0112379883819818
1.0,1.0160335872889472
1.0,1.012414267359162
1.0,1.0133190973416084
1.0,1.0156716552959688
1.0,1.0120885285654815
1.0,1.014947791310012
1.0,1.0155811722977244
1.0,1.0208653793952107
1.0,1.018150889447872
1.0,1.0285926274453023
1.0,1.0317233391845666
1.0,1.0273077688702286
1.0,1.0285383376463557
1.0,1.022313107367125
1.0,1.0260772000941016
1.0,1.0216616297797636
1.0,1.0234531931450073
1.0,1.0195624242204882
1.0,1.0228741019562417
1.0,1.0221502379702847
1.0,1.0211730215892425
1.0,1.0474130910801853
1.0,1.0478836026710574
1.0,1.046273005302303
1.0,1.0515210192004913
1.0,1.0523172695850442
1.0,1.052407752583289
1.0,1.0547784071372983
1.0,1.0591577842523383
1.0,1.0624151721891453
1.0,1.063428581769485
1.0,1.0640076729582506
1.0,1.063917189960006
1.0,1.0651658553357821
1.0,1.0619627571979222
1.0,1.0632295191733467
1.0,1.0632295191733467
1.0,1.0640800593568462
1.0,1.0631028429758043
1.0,1.0628675871803683
1.0,1.0633923885701873
1.0,1.0633019055719428
1.0,1.0607140918221463
1.0,1.0616189218045926
1.0,1.0660344921189306
1.0,1.0680070214806636
1.0,1.0675003166904937
1.0,1.0671745778968131
1.0,1.0684413398722379
1.0,1.070160516838886
1.0,1.0685318228704828
1.0,1.0695814256501204
1.0,1.0717349210083427
1.0,1.0728026203876293
1.0,1.0741236721620007
1.0,1.0754266273367235
1.0,1.0728388135869271
1.0,1.073074069382363
1.0,1.0734902911742885
1.0,1.07379793336832
1.0,1.0731102625816609
1.0,1.0693280732550354
1.0,1.072820716987278
1.0,1.057167158290957
1.0,1.0548507935358944
1.0,1.0572938344884995
1.0,1.055212725528873
1.0,1.059356846848477
1.0,1.0601711938326788
1.0,1.0550860493313305
1.0,1.0437575779511028
1.0,1.0443728623391664
1.0,1.0460377495068673
1.0,1.0477931196728132
1.0,1.0511952804068112
1.0,1.0509057348124284
1.0,1.048082665267196
1.0,1.0606959952224972
1.0,1.064152445755442
1.0,1.0658173329231433
1.0,1.067572703089089
1.0,1.069527135851173
1.0,1.0684232432725886
1.0,1.0684413398722374
1.0,1.0691109140592476
1.0,1.0665050037098025
1.0,1.0659982989196324
1.0,1.067572703089089
1.0,1.0671564812971637
1.0,1.0672650608950571
1.0,1.0635371613673785
1.0,1.0699252610434493
1.0,1.0693823630539814
1.0,1.0625961381856341
1.0,1.0673193506940037
1.0,1.0650753723375368
1.0,1.065509690729111
1.0,1.0676993792866312
1.0,1.0624332687887938
1.0,1.065328724732622
1.0,1.0640438661575482
1.0,1.0575652834832325
1.0,1.0602073870319757
1.0,1.0653106281329727
1.0,1.066740259505238
1.0,1.0619808537975706
1.0,1.066486907110153
1.0,1.0673917370925994
1.0,1.0676812826869821
1.0,1.0676631860873331
1.0,1.0710653468213311
1.0,1.0724949781935964
1.0,1.0720244666027243
1.0,1.0756075933332117
1.0,1.0779239580882742
1.0,1.0794259758591351
1.0,1.078756401672125
1.0,1.0791545268644012
1.0,1.0787744982717737
1.0,1.081380408621219
1.0,1.0813080222226235
1.0,1.0801498398450922
1.0,1.079950777248954
1.0,1.0813985052208681
1.0,1.0804031922401771
1.0,1.0783763730794973
1.0,1.0754447239363714
1.0,1.0808918004306982
1.0,1.0835700971787392
1.0,1.0763133607195199
1.0,1.0782316002823062
1.0,1.0771819975026684
1.0,1.073146455780958
1.0,1.0863388769250248
1.0,1.0845292169601322
1.0,1.083425324381548
1.0,1.0814889882191128
1.0,1.08389583597242
1.0,1.0852892741453872
1.0,1.084076801968909
1.0,1.0837872563745263
1.0,1.0849092455527598
1.0,1.0855064333411744
1.0,1.087008451112035
1.0,1.0875151559022052
1.0,1.0875875423008008
1.0,1.0849997285510042
1.0,1.086827485115546
1.0,1.087714218498343
1.0,1.0880942470909705
1.0,1.0897229410593738
1.0,1.0881847300892153
1.0,1.0901391628512993
1.0,1.0913335384281284
1.0,1.092401237807415
1.0,1.0943013807705524
1.0,1.0922564650102238
1.0,1.0919850160154896
1.0,1.0903201288477884
1.0,1.0871894171085241
1.0,1.0883475994860554
1.0,1.0871713205088753
1.0,1.0905734812428733
1.0,1.0902658390488418
1.0,1.0901753560505971
1.0,1.091424021426373
1.0,1.0918221466186495
1.0,1.0925279140049575
1.0,1.082357625002261
1.0,1.0842396713657492
1.0,1.0880580538916724
1.0,1.0877142184983428
1.0,1.0853978537432805
1.0,1.0807470276335065
1.0,1.0802765160426344
1.0,1.0913154418284792
1.0,1.0928717493982867
1.0,1.0914602146256704
1.0,1.0907363506397134
1.0,1.0899581968548095
1.0,1.0903201288477882
1.0,1.0907001574404158
1.0,1.0873522865053644
1.0,1.0866465191190564
1.0,1.0870627409109817
1.0,1.0853978537432805
1.0,1.0822128522050696
1.0,1.082411914801208
1.0,1.08136231202157
1.0,1.0842034781664516
1.0,1.0873160933060668
1.0,1.085307370745036
1.0,1.084818762554515
1.0,1.084764472755568
1.0,1.0808556072314002
1.0,1.0811994426247298
1.0,1.0810003800285917
1.0,1.0756437865325095
1.0,1.0762047811216262
1.0,1.0773086737002104
1.0,1.0750104055447969
1.0,1.074268444959191
1.0,1.0753904341374245
1.0,1.0797336180531667
1.0,1.0793897826598373
1.0,1.0783039866809017
1.0,1.0741779619609466
1.0,1.0831357787871647
1.0,1.083081488988218
1.0,1.086031234730993
1.0,1.09316129499267
1.0,1.0947537957617755
1.0,1.0962015237336893
1.0,1.0977940245027948
1.0,1.0987712408838366
1.0,1.0990064966792725
1.0,1.0980473768978796
1.0,1.1005266110497824
1.0,1.0998389402631232
1.0,1.0983007292929645
1.0,1.0979387972999861
1.0,1.0970882571164866
1.0,1.0974139959101672
1.0,1.0986083714869965
1.0,1.1023000778153773
1.0,1.104544056171844
1.0,1.1048336017662268
1.0,1.1054126929549926
1.0,1.1061908467398964
1.0,1.1064984889339284
1.0,1.10731283591813
1.0,1.1117826960314148
1.0,1.1125970430156162
1.0,1.1145695723773492
1.0,1.1146962485748917
1.0,1.1114207640384361
1.0,1.1060641705423542
1.0,1.112687526013861
1.0,1.1155286921587422
1.0,1.1147686349734873
1.0,1.115582981957689
1.0,1.1159087207513696
1.0,1.1144971859787534
1.0,1.1164335221411883
1.0,1.1181526991078363
1.0,1.1169583235310072
1.0,1.1156553683562846
1.0,1.1164516187408375
1.0,1.1167230677355715
1.0,1.1193832678839635
1.0,1.118297471905028
1.0,1.1175736079190708
1.0,1.1171030963281987
1.0,1.1197090066776443
1.0,1.1206681264590372
1.0,1.121229121048154
1.0,1.1209214788541222
1.0,1.121717729238675
1.0,1.122694945619717
1.0,1.129354494290522
1.0,1.1315803760473397
1.0,1.1326661720262754
1.0,1.1316889556452334
1.0,1.128594437105267
1.0,1.1258799471579282
1.0,1.1251379865723223
1.0,1.1216272462404306
1.0,1.122061564632005
1.0,1.1222787238277918
1.0,1.1234007130060253
1.0,1.1232016504098872
1.0,1.122749235418664
1.0,1.1239074177961952
1.0,1.1234188096056743
1.0,1.1241064803923335
1.0,1.1229302014151534
1.0,1.122550172822526
1.0,1.1296621364845538
1.0,1.1246312817821524
1.0,1.1254818219656517
1.0,1.125644691362492
1.0,1.126440941747045
1.0,1.1281420221140437
1.0,1.1292821078919262
1.0,1.1281239255143949
1.0,1.130784125662787
1.0,1.132304240033297
1.0,1.1319965978392652
1.0,1.1338605476031045
1.0,1.1333176496136368
1.0,1.132557592428382
1.0,1.1278343799200123
1.0,1.1289744656978946
1.0,1.128811596301054
1.0,1.129843102481043
1.0,1.1301326480754257
1.0,1.1298792956803407
1.0,1.1285220507066713
1.0,1.126820970339672
1.0,1.1282686983115862
1.0,1.1291373350947347
1.0,1.129734522883149
1.0,1.130458386869106
1.0,1.1309288984599781
1.0,1.1305669664669995
1.0,1.1322137570350517
1.0,1.1290106588971918
1.0,1.1307298358638398
1.0,1.1278162833203627
1.0,1.1302774208726167
1.0,1.1279248629182563
1.0,1.1258256573589809
1.0,1.125807560759332
1.0,1.1259342369568743
1.0,1.1254818219656513
1.0,1.1275991241245757
1.0,1.127562930925278
1.0,1.1298431024810427
1.0,1.1295535568866597
1.0,1.1324490128304878
1.0,1.1325033026294347
1.0,1.1350368265802846
1.0,1.1343491557936254
1.0,1.1354349517725606
1.0,1.136394071553954
1.0,1.1364664579525496
1.0,1.137624640330081
0.9991045247635352,1.134892053783093
0.9847972841594804,1.1366655205486877
0.9847972841594804,1.1340958033985402
0.9847972841594804,1.1348015707848484
0.9847972841594804,1.1350368265802844
0.9847972841594804,1.1357244973669434
0.9847972841594804,1.1411172840623234
0.9847972841594804,1.1419316310465248
0.9847972841594804,1.1422030800412586
0.9847972841594804,1.142329756238801
0.9847972841594804,1.1422030800412586
0.9847972841594804,1.1407372554696957
0.9847972841594804,1.1378417995258676
0.9847972841594804,1.1344577353915184
0.9847972841594804,1.1363759749543048
0.9847972841594804,1.1358330769648368
0.9847972841594804,1.1361950089578152
0.9847972841594804,1.1370998389402616
0.9847972841594804,1.1388914023055052
0.9847972841594804,1.13796847572341
0.9847972841594804,1.1400676812826853
0.9847972841594804,1.141352539857759
0.9847972841594804,1.143813677410013
0.9847972841594804,1.1434517454170345
0.9847972841594804,1.1446280243942146
0.9847972841594804,1.145985269367884
0.9847972841594804,1.1476139633362872
0.9847972841594804,1.1492426573046906
0.9847972841594804,1.1500389076892434
0.9847972841594804,1.150111294087839
0.9847972841594804,1.14891691851101
0.9847972841594804,1.1495683960983711
0.9847972841594804,1.1495322028990733
0.9847972841594804,1.148102571526808
0.9847972841594804,1.1495683960983711
0.9847972841594804,1.150617998878009
0.9847972841594804,1.150817061474147
0.9847972841594804,1.1524638520421995
0.9847972841594804,1.1529886534320182
0.9847972841594804,1.1530972330299119
0.9847972841594804,1.1528076874355289
0.9847972841594804,1.1535677446207837
0.9847972841594804,1.1535315514214857
0.9847972841594804,1.153477261622539
0.9847972841594804,1.152536238440795
0.9847972841594804,1.1511428002678277
0.9847972841594804,1.151088510468881
0.9847972841594804,1.1526086248393907
0.9847972841594804,1.1544544780035815
0.9847972841594804,1.1522828860457102
0.9847972841594804,1.1507084818762536
0.9847972841594804,1.1512875730650194
0.9847972841594804,1.1502379702853816
0.9847972841594804,1.1497493620948604
0.9847972841594804,1.1495322028990733
0.9847972841594804,1.1504551294811687
0.9847972841594804,1.151378056063264
0.9847972841594804,1.1512513798657216
0.9847972841594804,1.1517761812555407
0.9847972841594804,1.1521200166488703
0.9847972841594804,1.1452614053819274
0.9847972841594804,1.1482111511247024
0.9847972841594804,1.1570060985540804
0.9847972841594804,1.1520476302502747
0.9847972841594804,1.1537306140176247
0.9847972841594804,1.1542373188077948
0.9847972841594804,1.1463291047612143
0.9847972841594804,1.147595866736639
0.9847972841594804,1.1436689046128221
0.9847972841594804,1.1246674749814498
0.9847972841594804,1.1255361117645983
0.9847972841594804,1.1292278180929793
0.9847972841594804,1.1244865089849607
0.9847972841594804,1.1231111674116423
0.9847972841594804,1.1245227021842583
0.9847972841594804,1.1251017933730239
0.9847972841594804,1.168334569934308
0.9847972841594804,1.165113375196799
0.9847972841594804,1.1643895112108418
0.9847972841594804,1.163629454025587
0.9847972841594804,1.164606670406629
0.9847972841594804,1.1654391139904796
0.9847972841594804,1.1670135181599361
0.9847972841594804,1.1654572105901284
0.9847972841594804,1.1667601657648512
0.9847972841594804,1.165565790188022
0.9847972841594804,1.1657105629852134
0.9847972841594804,1.1667058759659044
0.9847972841594804,1.166506813369766
0.9847972841594804,1.1671220977578296
0.9847972841594804,1.1656019833873197
0.9847972841594804,1.1646428636059267
0.9847972841594804,1.1643533180115437
0.9847972841594804,1.165565790188022
0.9847972841594804,1.166814455563798
0.9847972841594804,1.165891528981703
0.9847972841594804,1.16442570441014
0.9847972841594804,1.1630865560361194
0.9847972841594804,1.1640275792178634
0.9847972841594804,1.163122749235417
0.9847972841594804,1.1626884308438428
0.9847972841594804,1.1632132322336617
0.9847972841594804,1.1643895112108418
0.9847972841594804,1.1641361588157568
0.9847972841594804,1.163376101630502
0.9847972841594804,1.1603720660887804
0.9847972841594804,1.1595577191045787
0.9847972841594804,1.1575851897428457
0.9847972841594804,1.1578747353372287
0.9847972841594804,1.1565536835628571
0.9847972841594804,1.157766155739335
0.9847972841594804,1.1498217484934565
0.9847972841594804,1.1462205251633204
0.9847972841594804,1.1494236233011803
0.9847972841594804,1.151504732260807
0.9847972841594804,1.1530972330299127
0.9847972841594804,1.1522104996471154
0.9847972841594804,1.1546897337990183
0.9847972841594804,1.149369333502234
0.9847972841594804,1.1530429432309657
0.9847972841594804,1.1501836804864354
0.9847972841594804,1.1488988219113616
0.9847972841594804,1.15078086827485
0.9847972841594804,1.1511608968674774
0.9847972841594804,1.1501474872871373
0.9847972841594804,1.1553050181870812
0.9847972841594804,1.1683888597332546
0.9847972841594804,1.167972637941329
0.9847972841594804,1.1666696827666068
0.9847972841594804,1.1686241155286905
0.9847972841594804,1.1680812175392228
0.9847972841594804,1.1677192855462442
0.9847972841594804,1.1660363017788942
0.9847972841594804,1.1661629779764364
0.9847972841594804,1.1671763875567762
0.9847972841594804,1.1672125807560743
0.9847972841594804,1.166325847373277
0.9847972841594804,1.1653124377929371
0.9847972841594804,1.162652237644545
0.9847972841594804,1.1627970104417362
0.9847972841594804,1.1630684594364704
0.9847972841594804,1.1631770390343639
0.9847972841594804,1.1641904486147037
0.9847972841594804,1.163376101630502
0.9847972841594804,1.1652219547946923
0.9847972841594804,1.1675021263504568
0.9847972841594804,1.1678640583434354
0.9847972841594804,1.169366076114296
0.9847972841594804,1.1700175537016573
0.9847972841594804,1.1695651387104342
0.9847972841594804,1.1704156788939337
0.9847972841594804,1.1709223836841036
0.9847972841594804,1.1701623264988488
0.9847972841594804,1.1689317577227218
0.9847972841594804,1.1706328380897209
0.9847972841594804,1.1709042870844546
0.9847972841594804,1.172062469461986
0.9847972841594804,1.1733473280370599
0.9847972841594804,1.1743969308166975
0.9847972841594804,1.174270254619155
0.9847972841594804,1.1681536039378182
0.9847972841594804,1.1651133751967988
0.9847972841594804,1.165040988798203
0.9847972841594804,1.1667239725655532
0.9847972841594804,1.1665972963680107
0.9847972841594804,1.1663258473732767
0.9847972841594804,1.1673030637543187
0.9847972841594804,1.167502126350457
0.9847972841594804,1.1563727175663676
0.9847972841594804,1.1539296766137626
0.9847972841594804,1.1495141062994247
0.9847972841594804,1.152644818038689
0.9847972841594804,1.1551964385891875
0.9847972841594804,1.1546535405997196
0.9847972841594804,1.158743372120377
0.9847972841594804,1.1616931178631522
0.9847972841594804,1.1653667275918842
0.9847972841594804,1.162471271648056
0.9847972841594804,1.1614759586673653
0.9847972841594804,1.1599377476972066
0.9847972841594804,1.159792974900015
0.9847972841594804,1.1647876364031184
0.9847972841594804,1.1669592283609895
0.9847972841594804,1.1683888597332546
0.9847972841594804,1.1693479795146475
0.9847972841594804,1.1689317577227223
0.9847972841594804,1.1711033496805932
0.9847972841594804,1.1719900830633907
0.9847972841594804,1.1744693172152936
0.9847972841594804,1.1781972167429722
0.9847972841594804,1.1657286595848622
0.9847972841594804,1.168443149532201
0.9847972841594804,1.1698546843048172
0.9847972841594804,1.16744783655151
0.9847972841594804,1.1696013319097318
0.9847972841594804,1.1712300258781354
0.9847972841594804,1.1733292314374106
0.9847972841594804,1.1751569880019521
0.9847972841594804,1.1751569880019521
0.9847972841594804,1.17367306683074
0.9847972841594804,1.1719176966647944
0.9847972841594804,1.1730758790423257
0.9847972841594804,1.1741073852223143
0.9847972841594804,1.1745055104145907
0.9847972841594804,1.173238748439166
0.9847972841594804,1.1731301688412723
0.9847972841594804,1.1745236070142395
0.9847972841594804,1.1758989485875577
0.9847972841594804,1.1760075281854514
0.9847972841594804,1.1768761649686
0.9847972841594804,1.1827756564541496
0.9847972841594804,1.1824680142601178
0.9847972841594804,1.1822508550643307
0.9847972841594804,1.1815993774769695
0.9847972841594804,1.1805135814980339
0.9847972841594804,1.1798802005103215
0.9847972841594804,1.1802964223022467
0.9847972841594804,1.186376879784286
0.9847972841594804,1.1882951193470719
0.9847972841594804,1.1893266255270607
0.9847972841594804,1.189236142528816
0.9847972841594804,1.1899419099151243
0.9847972841594804,1.1899057167158265
0.9847972841594804,1.1900504895130182
0.9847972841594804,1.1907743534989752
0.9847972841594804,1.1914439276859856
0.9847972841594804,1.1900866827123162
0.9847972841594804,1.190882933096869
0.9847972841594804,1.1914258310863368
0.9847972841594804,1.1922220814708895
0.9847972841594804,1.1897066541196888
0.9847972841594804,1.1955518558062919
0.9847972841594804,1.1960947537957598
0.9847972841594804,1.195497566007345
0.9847972841594804,1.1946108326245475
0.9847972841594804,1.195461372808047
0.9847972841594804,1.1943755768291113
0.9847972841594804,1.19591378779927
0.9847972841594804,1.19490037821893
0.9847972841594804,1.1941041278343774
0.9847972841594804,1.1937783890406966
0.9847972841594804,1.1942850938308667
0.9847972841594804,1.194719412222441
0.9847972841594804,1.1954613728080468
0.9847972841594804,1.1942669972312177
0.9847972841594804,1.1941222244340262
0.9847972841594804,1.1931450080529842
0.9847972841594804,1.1930364284550905
0.9847972841594804,1.1913353480880915
0.9847972841594804,1.1937602924410475
0.9847972841594804,1.190231455509507
0.9847972841594804,1.192891655657899
0.9847972841594804,1.198067283157492
0.9847972841594804,1.1993702383322145
0.9847972841594804,1.1990625961381827
0.9847972841594804,1.2016866030872768
0.9847972841594804,1.1994064315315123
0.9847972841594804,1.2002569717150118
0.9847972841594804,1.1984654083497681
0.9837115494809614,1.198230152554332
0.9752974782461942,1.1972348395736412
0.9742397311106675,1.197271032772939
0.9758157335319617,1.198954016540289
0.9746999868647954,1.199243562134672
0.9734758565702667,1.199967426120629
0.9771680285808878,1.2009627391013198
0.981218415167969,1.2005646139090433
0.981218415167969,1.2034600698528715
0.981218415167969,1.2026819160679676
0.981218415167969,1.2059393040047741
0.981218415167969,1.2058669176061785
0.981218415167969,1.206626974791433
0.981218415167969,1.2066088781917843
0.981218415167969,1.2068441339872205
0.981218415167969,1.2057945312075826
0.981218415167969,1.2044191896342642
0.981218415167969,1.2036953256483072
0.981218415167969,1.2002388751153623
0.981218415167969,1.1981939593550337
0.981218415167969,1.2002207785157133
0.981218415167969,1.1998769431223835
0.981218415167969,1.1996778805262454
0.981218415167969,1.1950813442154182
0.981218415167969,1.1953166000108544
0.981218415167969,1.1954070830090993
0.981218415167969,1.1963662027904922
0.981218415167969,1.1962395265929497
0.981218415167969,1.1864854593821788
0.981218415167969,1.1921677916719415
0.981218415167969,1.1924573372663245
0.981218415167969,1.1904667113049425
0.981218415167969,1.186394976383934
0.981218415167969,1.190557194303187
0.981218415167969,1.1906657739010806
0.981218415167969,1.1976148681662682
0.980237306713656,1.191570603883527
0.9786576996973357,1.1919687290758032
0.9771925168235337,1.1967824245824175
0.9754166366839266,1.1968367143813643
0.9797705730103307,1.197850123961704
0.9816944582728209,1.1975062885683747
0.974816558088878,1.2025552398704251
0.9785213052303976,1.2024466602725317
0.9786336392554773,1.200347454713256
0.9788816489265909,1.199876943122384
0.9798914548978045,1.1996959771258948
0.9812797241367758,1.2004379377115006
0.9812797241367758,1.200890352702724
0.9812797241367758,1.1999493295209798
0.9812797241367758,1.2002026819160647
0.9812797241367758,1.1998045567237883
0.9812797241367758,1.1994607213304584
0.9812797241367758,1.1989540165402885
0.9812797241367758,1.2023742738739356
0.9812797241367758,1.205432599214604
0.9812797241367758,1.2012160914964043
0.9812797241367758,1.2048716046254875
0.9812797241367758,1.206988906784412
0.9812797241367758,1.2068803271865183
0.9812797241367758,1.2087623735500068
0.9812797241367758,1.21089777230858
0.9812797241367758,1.2097395899310488
0.9812797241367758,1.211422573698399
0.9812797241367758,1.2080566061636988
0.9812797241367758,1.2095224307352619
0.9812797241367758,1.2095948171338575
0.9812797241367758,1.210463453917006
0.9812797241367758,1.2113682838994524
0.9812797241367758,1.210970158707176
0.9812797241367758,1.2140646772471424
0.9812797241367758,1.2162905590039603
0.9812797241367758,1.2170325195895662
0.9812797241367758,1.2165258147993963
0.9812797241367758,1.2109882553068247
0.9812797241367758,1.212218824082952
0.9812797241367758,1.2109882553068247
0.9812797241367758,1.2124902730776856
0.9812797241367758,1.213847518051355
0.9812797241367758,1.2157476610144922
0.9812797241367758,1.215584791617652
0.9812797241367758,1.2165801045983429
0.9812797241367758,1.21629055900396
0.9812797241367758,1.2153676324218647
0.9812797241367758,1.216507718199747
0.9812797241367758,1.2141008704464398
0.9812797241367758,1.2093052715394745
0.9812797241367758,1.2095043341356126
0.9812797241367758,1.209431947737017
0.9812797241367758,1.2107529995113884
0.9812797241367758,1.2108977723085799
0.9812797241367758,1.2129788812682063
0.9812797241367758,1.2156390814165985
0.9812797241367758,1.217484934580789
0.9812797241367758,1.2173763549828955
0.9812797241367758,1.217249678785353
0.9812797241367758,1.216543911399045
0.9812797241367758,1.218027832570257
0.9812797241367758,1.2159286270109815
0.9812797241367758,1.2149152174306417
0.9812797241367758,1.2148247344323968
0.9812797241367758,1.2120378580864624
0.9812797241367758,1.2128160118713662
0.9812797241367758,1.2122912104815473
0.9812797241367758,1.2145894786369609
0.9812797241367758,1.2179192529723633
0.9812797241367758,1.2109520621075267
0.9812797241367758,1.197723447764162
0.9812797241367758,1.192783076060005
0.9812797241367758,1.1936698094428027
0.9812797241367758,1.1892723357281136
0.9812797241367758,1.1819070196710009
0.9812797241367758,1.1995693009283526
0.9812797241367758,1.1947556054217383
0.9812797241367758,1.199714073725544
0.9812797241367758,1.2020485350802554
0.9812797241367758,1.2002388751153628
0.9812797241367758,1.1981215729564385
0.9812797241367758,1.199895039722033
0.9812797241367758,1.188675147939699
0.9812797241367758,1.1939050652382388
0.9812797241367758,1.1986825675455552
0.9812797241367758,1.2022837908756916
0.9812797241367758,1.20365913244901
0.9812797241367758,1.2032248140574358
0.9812797241367758,1.1983749253515237
0.9812797241367758,1.198284442353279
0.9812797241367758,1.2093957545377194
0.9812797241367758,1.210698709712442
0.9812797241367758,1.2037858086465523
0.9812797241367758,1.2017770860855215
0.9812797241367758,1.2021752112777977
0.9812797241367758,1.2047268318282964
0.9812797241367758,1.2035686494507651
0.9812797241367758,1.2063736223963486
0.9812797241367758,1.207206065980199
0.9812797241367758,1.202555239870425
0.9812797241367758,1.2004741309107985
0.9812797241367758,1.197651061365566
0.9812797241367758,1.1953166000108546
0.9812797241367758,1.1955518558062905
0.9812797241367758,1.1956061456052371
0.9812797241367758,1.1936155196438554
0.9812797241367758,1.1974519987694279
0.9812797241367758,1.1980129933585444
0.9812797241367758,1.199587397528001
0.9812797241367758,1.202283790875691
0.9812797241367758,1.2021933078774463
0.9812797241367758,1.2101920049222714
0.9812797241367758,1.214661865035556
0.9812797241367758,1.2134855860583758
0.9812797241367758,1.214354222841524
0.9812797241367758,1.2157114678151935
0.9812797241367758,1.2154762120197575
0.9812797241367758,1.2147704446334495
0.9812797241367758,1.2135036826580248
0.9812797241367758,1.217104905988161
0.9812797241367758,1.216598201197991
0.9812797241367758,1.215168569825726
0.9812797241367758,1.2164534284007997
0.9812797241367758,1.2160191100092255
0.9812797241367758,1.2147704446334495
0.9805836218979804,1.2147704446334495
0.9773820804169014,1.2125988526755787
0.976652534108051,1.2106625165131435
0.9773006966005277,1.2076765775710707
0.9805147134359021,1.20297146166235
0.9780244471799271,1.206120270001263
0.9748565431740935,1.2084728279556232
0.9719202126088045,1.2123997900794403
0.9697744539819382,1.2128341084710144
0.9684845525794586,1.2129245914692588
0.9710088234380052,1.2150599902278318
0.9695705722762884,1.216724877395533
0.9665959412098922,1.2153676324218636
0.9684447973044285,1.2256645976221023
0.9678147982537451,1.224578801643167
0.9667281368752222,1.2268408765992826
0.9663314717228569,1.2268589731989317
0.9645442989384285,1.2270761323947188
0.9651123188966853,1.2272751949908567
0.9644859720976146,1.2253569554280705
0.9640262818292171,1.2361425288188306
0.9652766154623594,1.2354186648328733
0.9642611603551479,1.236757813206894
0.9641338407446476,1.2373369043956595
0.9622977541544098,1.237698836388638
0.9625723839946987,1.2380698166814408
0.9577274334814692,1.2399790079444026
0.9615605862012885,1.240739246095654
0.9600110803195235,1.2411552869215827
0.9598788278812662,1.2406666787310616
0.9574525782511427,1.2430554298847196
0.958165414791829,1.244325268282085
0.9538633597097725,1.2453265531406597
0.9538633597097725,1.2432363958812087
0.9538633597097725,1.2478872219909827
0.9538633597097725,1.2456613402341647
0.9538633597097725,1.2451365388443456
0.9538633597097725,1.246041368826792
0.9538633597097725,1.2453536980401327
0.9538633597097725,1.2414991223149114
0.9538633597097725,1.243797390470325
0.9538633597097725,1.2437431006713782
0.9538633597097725,1.2396261242512476
0.9538633597097725,1.2385493765721365
0.9538633597097725,1.236703523407946
0.9538633597097725,1.2386036663710833
0.9538633597097725,1.2385283845165438
0.9538633597097725,1.2348576702437557
0.9538633597097725,1.2304782931287157
0.9538633597097725,1.2368482962051377
0.9538633597097725,1.2386579561700302
0.9538633597097725,1.2345319314500751
0.9538633597097725,1.2312564469136194
0.9538633597097725,1.232107349029112
0.9538633597097725,1.2353010369351543
0.9538633597097725,1.2341699994570963
0.9538633597097725,1.235165312437787
0.9538633597097725,1.2348667185435798
0.9538633597097725,1.236740259505233
0.9538633597097725,1.2374997737924984
0.9538633597097725,1.2370654554009242
0.9538633597097725,1.2367578132068922
0.9538633597097725,1.2366673302086475
0.9538633597097725,1.2281831013952416
0.9538633597097725,1.227275194990855
0.9538633597097725,1.2272932915905042
0.9538633597097725,1.2233482328670382
0.9538633597097725,1.2235451238712185
0.9538633597097725,1.2218281184965285
0.9538633597097725,1.2221538572902093
0.9538633597097725,1.2256465010224518
0.9538633597097725,1.2267142004017384
0.9538633597097725,1.2294467869487262
0.9538633597097725,1.2309488047195873
0.9538633597097725,1.2317595323838593
0.9538633597097725,1.2309849979188852
0.9538633597097725,1.2260627228143772
0.9538633597097725,1.219964892596675
0.9538633597097725,1.2141913534446818
0.9538633597097725,1.2110968349047155
0.9538633597097725,1.2145170922383626
0.9538633597097725,1.215168569825724
0.9538633597097725,1.217883059773063
0.9538633597097725,1.212960784668555
0.9538633597097725,1.2057402414086336
0.9538633597097725,1.2004017445122006
0.9538633597097725,1.197949655259771
0.9538633597097725,1.201505637090785
0.9538633597097725,1.2045368175319802
0.9538633597097725,1.2122912104815449
0.9538633597097725,1.2141732568450334
0.9538633597097725,1.2279357208780415
0.9538633597097725,1.223764454658964
0.9538633597097725,1.2244702220452721
0.9538633597097725,1.2295191733473225
0.9538633597097725,1.2303425686313487
0.9538633597097725,1.2329213340813205
0.9538633597097725,1.2329575272806186
0.9538633597097725,1.231835538102385
0.9538633597097725,1.2290124685571526
0.9538633597097725,1.230170650934684
0.9538633597097725,1.2343419171537613
0.9538633597097725,1.2363687363144409
0.9538633597097725,1.2362511084167227
0.9538633597097725,1.2357805968258506
0.9538633597097725,1.2373278560958338
0.9538633597097725,1.2348035614108053
0.9538633597097725,1.233753777665171
0.9538633597097725,1.2371378417995202
0.9538633597097725,1.2371378417995202
0.9538633597097725,1.2356539206283081
0.9538633597097725,1.2365949438100523
0.9538633597097725,1.2283971841690888
0.9538633597097725,1.2241987730505381
0.9538633597097725,1.2218643116958268
0.9538633597097725,1.2199822653323382
0.9538633597097725,1.2173401617835953
0.9538633597097725,1.2155305018187026
0.9538633597097725,1.2162000760057126
0.9538633597097725,1.2101015219240248
0.9538633597097725,1.2165258147993934
0.9538633597097725,1.2210499647116249
0.9538633597097725,1.2197922510360244
0.9538633597097725,1.2183535713639349
0.9538633597097725,1.2208870953147843
0.9538633597097725,1.2160010134095744
0.9538633597097725,1.2174668379811375
0.9538633597097725,1.2137479867532834
0.9538633597097725,1.2178106733744674
0.9538633597097725,1.211060641705418
0.9538633597097725,1.2062469461988035
0.9538633597097725,1.1993883349318606
0.9538633597097725,1.2046725420293471
0.9538633597097725,1.1919325358765032
0.9538633597097725,1.1893447221267068
0.9538633597097725,1.1965290721873303
0.9538633597097725,1.2009627391013171
0.9538633597097725,1.1998226533234349
0.9538633597097725,1.2023742738739334
0.9538633597097725,1.1946108326245441
0.9538633597097725,1.2046363488300489
0.9538633597097725,1.199750266924839
0.9538633597097725,1.1989268716408128
0.9538633597097725,1.1968367143813619
0.9538633597097725,1.1989525688123142
0.9538633597097725,1.1966376517852235
0.9538633597097725,1.1991530791364242
0.9538633597097725,1.2213576069056562
0.9538633597097725,1.217484934580786
0.9538633597097725,1.1947375088220864
0.9538633597097725,1.189435205124951
0.9538633597097725,1.1854720498018363
0.9538633597097725,1.1909553194954607
0.9538633597097725,1.18085741689136
0.9538633597097725,1.1844586402214963
0.9538633597097725,1.1812917352829342
0.9538633597097725,1.1955337592066388
0.9538633597097725,1.1946651224234903
0.9538633597097725,1.1984473117501158
0.9538633597097725,1.1975605783673184
0.9538633597097725,1.1927106896614064
0.9538633597097725,1.201668325521628
0.9538633597097725,1.2061926563998562
0.9538633597097725,1.2078846884670307
0.9538633597097725,1.210807289310332
0.9538633597097725,1.2110984635986835
0.9538633597097725,1.2094138511373649
0.9538633597097725,1.2103186811198112
0.9538633597097725,1.2104815505166515
0.9538633597097725,1.2121192927848792
0.9538633597097725,1.2155847916176485
0.9538633597097725,1.2184619699958312
0.9538633597097725,1.219511572775469
0.9538633597097725,1.2196022367397101
0.9538633597097725,1.2215204763024963
0.9538633597097725,1.2257007908213982
0.9538633597097725,1.2297725257424066
0.9538633597097725,1.233029732713217
0.9538633597097725,1.2325774986879903
0.9538633597097725,1.2312926401129165
0.9538633597097725,1.232125083696767
0.9538633597097725,1.229899201939949
0.9538633597097725,1.232812754483426
0.9538633597097725,1.2350207206065915
0.9538633597097725,1.2355543893302383
0.9538633597097725,1.236703523407945
0.9538633597097725,1.2331927830760536
0.9538633597097725,1.233554715069032
0.9538633597097725,1.234061419859202
0.9538633597097725,1.234242385855691
0.9538633597097725,1.2356729220579388
0.9538633597097725,1.2309397564197622
0.9538633597097725,1.2310573843174801
0.9538633597097725,1.2310754809171292
0.9538633597097725,1.2347852838451592
0.9538633597097725,1.236911634303908
0.9538633597097725,1.2315821857072993
0.9538633597097725,1.2308221285220444
0.9538633597097725,1.2325774986879903
0.9538633597097725,1.2335187028357306
0.9538633597097725,1.2332470728750002
0.9538633597097725,1.2331565898767554
0.9538633597097725,1.2321974700953624
0.9538633597097725,1.2347604915036396
0.9538633597097725,1.2346405110479675
0.953027153367335,1.2376262690240436
0.9502060903962181,1.2376535948895133
0.9489794072779154,1.238938453464587
0.948499320338478,1.2374635805931995
0.9514267211136078,1.2360972873197056
0.9540843978342541,1.2365225574114553
0.9537289399719969,1.238567473171784
0.9548449245591317,1.2383593622758213
0.9550293053166559,1.2380336234821407
0.955859963247083,1.2364139778135619
0.9569682526751441,1.2385312799724861
0.9539443379462635,1.2430554298847176
0.9474166578986142,1.2426392080927922
0.946260903025717,1.2414629291156118
0.9479361551025215,1.2418701026077128
0.9488773813867323,1.2417705713096439
0.9514080006593624,1.2418791509075373
0.9497797143744814,1.2407933549286017
0.9467447303347212,1.2404133263359742
0.9464254859266419,1.2372735662968857
0.9463451587733704,1.2367002660200075
0.946340597750358,1.2380285564342388
0.9455084236717806,1.234387158652882
0.9455853300853134,1.2347852838451585
0.9468406414786975,1.2371740349988165
0.946786269936092,1.2372645179970612
0.9158560613501393,1.2386036663710818
0.9158560613501393,1.2387212942687997
0.9158560613501393,1.2395899310519483
0.9158560613501393,1.2383050724768745
0.9158560613501393,1.2378978989847738
0.9158560613501393,1.237137841799519
0.9158560613501393,1.236088239019881
0.9158560613501393,1.2362228777212692
0.9158560613501393,1.234640511047967
0.9158560613501393,1.237083552000572
0.9158560613501393,1.2375178703921463
0.9158560613501393,1.2357625002262005
0.9158560613501393,1.2448288966503125
0.9158560613501393,1.2441412258636533
0.9158560613501393,1.2353100852349774
0.9158560613501393,1.2409562243254422
0.9158560613501393,1.240521905933868
0.9158560613501393,1.2437611972710256
0.9158560613501393,1.2449917660471528
0.9158560613501393,1.2465480736169605
0.9158560613501393,1.2471271648057258
0.9158560613501393,1.2441231292640043
0.9158560613501393,1.233681391266574
0.9158560613501393,1.2316534863099153
0.9158560613501393,1.2354005682332219
0.9158560613501393,1.2351834090374347
0.9158560613501393,1.2341336252918007
0.9158560613501393,1.233681391266574
0.9158560613501393,1.2349662498416476
0.9158560613501393,1.2326408367867607
0.9158560613501393,1.2321612768960641
0.9158560613501393,1.2314815686132505
0.9158560613501393,1.232414629291149
0.9158560613501393,1.2336271014676272
0.9158560613501393,1.2318355381023836
0.9158560613501393,1.2319803108995748
0.9158560613501393,1.228777212761715
0.9158560613501393,1.2274561609873433
0.9158560613501393,1.2226062722814313
0.9158560613501393,1.2266961038020885
0.9158560613501393,1.22684087659928
0.9158560613501393,1.228505763766981
0.9158560613501393,1.2292386760527623
0.9158560613501393,1.2207423225175917
0.9158560613501393,1.2201089415298794
0.9158560613501393,1.2193579326444488
0.9158560613501393,1.217095857688333
0.9158560613501393,1.2181364121681464
0.9158560613501393,1.214824734432393
0.9158560613501393,1.2150057004288823
0.9158560613501393,1.227058035795067
0.9158560613501393,1.2306230659259052
0.9158560613501393,1.2297725257424057
0.9158560613501393,1.2276190303841836
0.9158560613501393,1.2274471126875188
0.9158560613501393,1.2228234314772184
0.9158560613501393,1.2241987730505368
0.9158560613501393,1.2302430373332782
0.9158560613501393,1.2287229229627683
0.9158560613501393,1.2300168298376664
0.9158560613501393,1.2317541034039632
0.9158560613501393,1.2309759496190593
0.9158560613501393,1.231636475506245
0.9158560613501393,1.231636475506245
0.9158560613501393,1.2377712227872308
0.9158560613501393,1.2371740349988163
0.9158560613501393,1.2394903997538786
0.9158560613501393,1.2399971045440488
0.9158560613501393,1.2387212942687995
0.9158560613501393,1.239237047358794
0.9158560613501393,1.239237047358794
0.9158560613501393,1.2403590365370274
0.9158560613501393,1.2420058271050798
0.9158560613501393,1.2430373332850684
0.9158560613501393,1.2432092509817332
0.9158560613501393,1.2441955156625994
0.9158560613501393,1.244747461951892
0.9158560613501393,1.2449012830489075
0.9158560613501393,1.2461318518250346
0.9158560613501393,1.2477062559944911
0.9158560613501393,1.2493349499628945
0.9158560613501393,1.249172080566054
0.9158560613501393,1.2500588139488515
0.9158560613501393,1.2501583452469207
0.9158560613501393,1.2486472791762353
0.9158560613501393,1.2482853471832567
0.9158560613501393,1.2490635009681605
0.9158560613501393,1.2489458730704426
0.9158560613501393,1.2491358873667564
0.9158560613501393,1.2442498054615463
0.9158560613501393,1.243869776868919
0.9158560613501393,1.2433721203785737
0.9158560613501393,1.243218299281558
0.9158560613501393,1.2436526176731322
0.9158560613501393,1.2455723049638903
0.9158560613501393,1.2447565102517166
0.9158560613501393,1.2452089252429397
0.9158560613501393,1.2443411932897737
0.9158560613501393,1.2436531605711216
0.9158560613501393,1.2443855299589135
0.9158560613501393,1.2446207857543494
0.9158560613501393,1.2442498054615465
0.9158560613501393,1.2431097196836642
0.9158560613501393,1.2413543495177186
0.9158560613501393,1.2384046037749437
0.9158560613501393,1.2402504569391342
0.9158560613501393,1.2392641922582674
0.9158560613501393,1.2411190937222825
0.9158560613501393,1.2380607683816138
0.9158560613501393,1.233898550462361
0.9158560613501393,1.2417705713096439
0.9158560613501393,1.2332018313758775
0.9158560613501393,1.2326643623663043
0.9158560613501393,1.2326951265857076
0.9158560613501393,1.2315188476085275
0.9158560613501393,1.2362330118170726
0.9158560613501393,1.2363053982156684
0.9150193204810871,1.2433449754791006
0.9126631976612065,1.2456070504352161
0.9130487048019573,1.2466928464141518
0.9109674669084857,1.2460956586257375
0.9102630143948934,1.2460232722271416
0.9104202549203785,1.2443580231274476
0.9117921562875845,1.2445574476555787
0.9117921562875845,1.248801100273252
0.9117921562875845,1.2470366818074816
0.9117921562875845,1.2476338695958962
0.9117921562875845,1.2503574078430595
0.9117921562875845,1.2517598943158514
0.9117921562875845,1.2520584882100587
0.9117921562875845,1.2519227637126917
0.911091334781458,1.253309868075782
0.9124479870256873,1.2532076222877655
0.9102412045764458,1.2550082339528337
0.9066854954220468,1.2540853073707385
0.9082361079631468,1.253777665176707
0.9098349918204782,1.2518141841147985
0.9069201449596175,1.2479234151902794
0.9154057731495727,1.24555276063627
0.9161398353222495,1.2483758301815027
0.9195333606681718,1.2484844097793961
0.9195333606681718,1.2488282451727257
0.9195333606681718,1.2466566532148546
0.9195333606681718,1.2466204600155568
0.9195333606681718,1.2476519661955459
0.9195333606681718,1.2513798657232245
0.9195333606681718,1.252158019508128
0.9195333606681718,1.2557049530393176
0.9195333606681718,1.2558587741363336
0.9195333606681718,1.256863135416849
0.9195333606681718,1.2575325286378627
0.9195333606681718,1.255885919035807
0.9195333606681718,1.25524348974827
0.9195333606681718,1.25575019453844
0.9195333606681718,1.2569174252157957
0.9195333606681718,1.2570985721782817
0.9195333606681718,1.2581027524928006
0.9195333606681718,1.2594238042671724
0.9195333606681718,1.2579941728949071
0.9195333606681718,1.256347382326855
0.9195333606681718,1.2554696972438821
0.9195333606681718,1.2575508062035086
0.9195333606681718,1.2539857760726703
0.9195333606681718,1.253732423677585
0.9195333606681718,1.253949582873372
0.9195333606681718,1.255451600644233
0.9195333606681718,1.2463490110208233
0.9195333606681718,1.2435259414755908
0.9195333606681718,1.242512531895251
0.9195333606681718,1.2425807560759274
0.9195333606681718,1.2452451184422388
0.9195333606681718,1.2451546354439942
0.9195333606681718,1.2494616261604385
0.9195333606681718,1.255198248249148
0.9195333606681718,1.2567183626196576
0.9195333606681718,1.2577679653992953
0.9195333606681718,1.2558678224361581
0.9195333606681718,1.257199370238326
0.9195333606681718,1.2536962304782868
0.9195333606681718,1.2526104344993512
0.9195333606681718,1.252212309307075
0.9195333606681718,1.2520313433105856
0.9195333606681718,1.2534881195823242
0.9195333606681718,1.252158019508128
0.9195333606681718,1.2534428780832019
0.9195333606681718,1.253488119582324
0.9195333606681718,1.2515246385204155
0.9195333606681718,1.234513834850425
0.9195333606681718,1.237445483993551
0.9195333606681718,1.2372464213974128
0.9195333606681718,1.232523208889043
0.9195333606681718,1.2282524113718964
0.9195333606681718,1.226641814003142
0.9195333606681718,1.2262436888108657
0.9195333606681718,1.2350748294395413
0.9195333606681718,1.2391322680468269
0.9195333606681718,1.2306502108253787
0.9195333606681718,1.231708861904841
0.9195333606681718,1.2323603394922025
0.9195333606681718,1.2459056443294234
0.9195333606681718,1.2402142637398361
0.9195333606681718,1.2448469932499608
0.9195333606681718,1.2461861416239812
0.9195333606681718,1.2481496226858897
0.9195333606681718,1.2503936010423566
0.9195333606681718,1.2487106172750064
0.9195333606681718,1.2464394940190662
0.9195333606681718,1.2467290396134487
0.9195333606681718,1.246439494019066
0.9195333606681718,1.2495340125590322
0.9195333606681718,1.2482095224307272
0.9195333606681718,1.2450279592464495
0.9195333606681718,1.2468014260120441
0.9195333606681718,1.247814835592384
0.9195333606681718,1.247190502904496
0.9195333606681718,1.2527642555963654
0.9195333606681718,1.2540491141714392
0.9195333606681718,1.2543205631661731
0.9195333606681718,1.2545286740621358
0.9195333606681718,1.2551620550498481
0.9195333606681718,1.2551801516494971
0.9195333606681718,1.2535695542807428
0.9195333606681718,1.2580213177943784
0.9195333606681718,1.2595233355652393
0.9195333606681718,1.2595414321648883
0.9195333606681718,1.258482781085426
0.9195333606681718,1.259577625364186
0.9195333606681718,1.259659060062606
0.9195333606681718,1.2586908919813884
0.9195333606681718,1.261550154725919
0.9195333606681718,1.258718036880862
0.9195333606681718,1.2572102281981137
0.9195333606681718,1.257420510686034
0.9195333606681718,1.2578946415968362
0.9195333606681718,1.2575508062035066
0.9195333606681718,1.2584918293852507
0.9195333606681718,1.2514884453211164
0.9195333606681718,1.2415172189145582
0.9195333606681718,1.2463218661213482
0.9195333606681718,1.246656653214853
0.9195333606681718,1.2497240268553462
0.9195333606681718,1.250719339836037
0.9195333606681718,1.2558406775366833
0.9195333606681718,1.2517237011165525
0.9183415197498284,1.2525018549014562
0.9115225402486401,1.2498778479523618
0.9118767573158905,1.2471369369695355
0.9122558023645793,1.2511446099277868
0.9069040304529258,1.2496878336560484
0.9071070364484038,1.2520132467109355
0.9109215484555186,1.2535514576810942
0.9062923757412832,1.2572341157096505
0.9059287490316098,1.2590709205740163
0.9072876237577812,1.2602562478510209
0.8995561845251852,1.2604100689480366
0.8990309905006918,1.2586546987820908
0.9029377999096487,1.2585280225845483
0.9150851994440673,1.2549901373531833
0.9150851994440673,1.2543477080656464
0.9150851994440673,1.249823558153415
0.9150851994440673,1.2445031578566308
0.9150851994440673,1.2393997357896371
0.9150851994440673,1.242946850286823
0.9150851994440673,1.2477062559944907
0.9150851994440673,1.2453898912394281
0.9150851994440673,1.2461137552253851
0.9150851994440673,1.2424944352956
0.9150851994440673,1.2371921315984646
0.9150851994440673,1.2389475017644105
0.9150851994440673,1.2455346640366196
0.9150851994440673,1.241623988852487
0.9150851994440673,1.2316726687055426
0.9150851994440673,1.225736984020695
0.9150851994440673,1.232812754483425
0.9150851994440673,1.23138312311116
0.9150851994440673,1.2274928970846304
0.9150851994440673,1.2289219855589062
0.9150851994440673,1.2259541432164824
0.9150851994440673,1.2391556126603738
0.9150851994440673,1.2410648039233352
0.9150851994440673,1.244068839465057
0.9150851994440673,1.2467652328127468
0.9150851994440673,1.246928102209587
0.9150851994440673,1.247471000199055
0.9150851994440673,1.2497511717548195
0.9150851994440673,1.249389239761841
0.9150851994440673,1.2563383340270287
0.9150851994440673,1.258419442986655
0.9150851994440673,1.2569536184150922
0.9150851994440673,1.2571164878119325
0.9150851994440673,1.258473732785602
0.9150851994440673,1.255741146238614
0.9150851994440673,1.2590709205740165
0.9150851994440673,1.2584284912864796
0.9150851994440673,1.2572974538084218
0.9150851994440673,1.2585122785428542
0.9150851994440673,1.2552344414484444
0.9150851994440673,1.2555238060768306
0.9150851994440673,1.2524475651025098
0.9150851994440673,1.2561211748312417
0.9150851994440673,1.2529180766933818
0.9150851994440673,1.252375178703914
0.9150851994440673,1.2536781338786367
0.9150851994440673,1.253605747480041
0.9150851994440673,1.2539857760726685
0.9150851994440673,1.2521037297091802
0.9150851994440673,1.2537867134765304
0.9150851994440673,1.2462223348232793
0.9150851994440673,1.23896559836406
0.9150851994440673,1.2359977560216362
0.9150851994440673,1.2390922745616026
0.9150851994440673,1.239906621545804
0.9150851994440673,1.2329032374816697
0.9150851994440673,1.230405906730118
0.9150851994440673,1.2351294811704807
0.9150851994440673,1.2391737092600226
0.9150851994440673,1.2397980419479107
0.9150851994440673,1.2390017915633578
0.9150851994440673,1.2349119600427005
0.9150851994440673,1.2335185218697333
0.9150851994440673,1.2244702220452703
0.9150851994440673,1.2280533487757577
0.9150851994440673,1.2350205396405942
0.9150851994440673,1.2323970755894895
0.9150851994440673,1.2379431404838959
0.9150851994440673,1.2370292622016252
0.9150851994440673,1.2355634376300622
0.9150851994440673,1.2417162815106968
0.9150851994440673,1.245978030728019
0.9150851994440673,1.2441955156625997
0.9150851994440673,1.2459691633941907
0.9150851994440673,1.2432002026819087
0.9150851994440673,1.2388751153658153
0.9150851994440673,1.2418972475071857
0.9150851994440673,1.2396170759514211
0.9150851994440673,1.2401780705405379
0.9150851994440673,1.2369478275032046
0.9150851994440673,1.2349345807922618
0.9150851994440673,1.237345952695481
0.9150851994440673,1.2352015056370833
0.9150851994440673,1.2387484391682728
0.9150851994440673,1.2393094337573896
0.9150851994440673,1.246529977017311
0.9150851994440673,1.246077562026088
0.9150851994440673,1.244105032664355
0.9150851994440673,1.2473986138004594
0.9150851994440673,1.2451184422446946
0.9150851994440673,1.247489096798704
0.9150851994440673,1.2423858556977068
0.9150851994440673,1.2346586076476154
0.9150851994440673,1.2341157096581477
0.9150851994440673,1.2342695307551634
0.9150851994440673,1.2342423858556901
0.9150851994440673,1.2324870156897443
0.9150851994440673,1.2349210083425248
0.9150851994440673,1.23626920501637
0.9150851994440673,1.2402866501384315
0.9150851994440673,1.2422772760998133
0.9150851994440673,1.2439059700682167
0.9150851994440673,1.2440686584990603
0.9150851994440673,1.2434806999764667
0.9150851994440673,1.2438878734685677
0.9150851994440673,1.2510541269295425
0.9150851994440673,1.250185490146394
0.9150851994440673,1.2523480338044406
0.9150851994440673,1.25328000868636
0.9150851994440673,1.2531714290884666
0.9150851994440673,1.2542481767675777
0.9150851994440673,1.254275321667051
0.9150851994440673,1.249877847952362
0.9150851994440673,1.24452125445628
0.9150851994440673,1.2418701026077124
0.9150851994440673,1.2409562243254417
0.9150851994440673,1.2357559854503264
0.9150851994440673,1.2400152011436976
0.9150851994440673,1.2393818201559852
0.9150851994440673,1.2384860384733634
0.9150851994440673,1.2377169329882842
0.9150851994440673,1.2366492336089976
0.9150851994440673,1.2418248611085905
0.9150851994440673,1.2360882390198809
0.9150851994440673,1.2381512513798585
0.9150851994440673,1.2418520060080638
0.9150851994440673,1.2436343401074867
0.9150851994440673,1.2401237807415915
0.9150851994440673,1.2453989395392533
0.9150851994440673,1.2420782135036754
0.9150851994440673,1.216779167194477
0.9150851994440673,1.21605530320852
0.9150851994440673,1.2261532058126206
0.9150851994440673,1.2258998534175356
0.9150851994440673,1.2328489476827231
0.9150851994440673,1.232800086863671
0.9150851994440673,1.2310754809171285
0.9150851994440673,1.2329267630612137
0.9150851994440673,1.2411190937222825
0.9150851994440673,1.2410286107240376
0.9150851994440673,1.2417524747099946
0.9150851994440673,1.2424130005971805
0.9150851994440673,1.2428380897229339
0.9150851994440673,1.2399066215458043
0.9150851994440673,1.2397980419479109
0.9150851994440673,1.2342389475017572
0.9150851994440673,1.2324870156897447
0.9150851994440673,1.2241987730505368
0.9150851994440673,1.2244521254456218
0.9150851994440673,1.2252664724298237
0.9150851994440673,1.2331203966774573
0.9150851994440673,1.2140646772471384
0.9150851994440673,1.2214118967046024
0.9150851994440673,1.2214661865035492
0.9150851994440673,1.2180730740693757
0.9150851994440673,1.219783202736199
0.9150851994440673,1.221520476302496
0.9150851994440673,1.216923939991669
0.9150851994440673,1.2017589894858691
0.9150851994440673,1.208110895962642
0.9150851994440673,1.211467815197518
0.9150851994440673,1.2147702636674504
0.9150851994440673,1.2103277294196357
0.9150851994440673,1.2126169492752248
0.9150851994440673,1.2275213087460801
0.9150851994440673,1.223058687272655
0.9150851994440673,1.2326498850865857
0.9150851994440673,1.2330480102788621
0.9150851994440673,1.2331927830760536
0.9150851994440673,1.2342731500750943
0.9150851994440673,1.227890479378918
0.9150851994440673,1.2252302792305259
0.9150851994440673,1.2267503936010358
0.9150851994440673,1.2270942289943654
0.9150851994440673,1.220076005718519
0.9150851994440673,1.2238549376572074
0.9150851994440673,1.221502379702847
0.9150851994440673,1.221972891293719
0.9150851994440673,1.223963517255101
0.9150851994440673,1.2103729709187578
0.9150851994440673,1.2097576865306943
0.9150851994440673,1.211205233536612
0.9150851994440673,1.210354874319109
0.9150851994440673,1.2091425831086275
0.9150851994440673,1.207638574711805
0.9150851994440673,1.2053059230170584
0.914378050787432,1.2134312962594263
0.9175558668718827,1.2040210644419849
0.9156804476777952,1.200528420709742
0.9101882071382471,1.200410792812024
0.909427760923437,1.1991349825367745
0.9053399804447776,1.2019671003818317
0.9098491710262971,1.19853779474836
0.9097603462855482,1.213919904449947
0.9044133133024134,1.2121645342840013
0.9030229031886983,1.2097214933313962
0.9048595838398958,1.209621962033327
0.9046299665849058,1.2102191498217416
0.9046326063179584,1.2117618849418124
0.9032548770071708,1.2105720335148957
0.9009637746304082,1.219511753741465
0.8986621489597195,1.2179554461716573
0.8995754593049679,1.2142999330425743
0.897156014328728,1.2141913534446809
0.895913441759757,1.2155485984183503
0.8973682921635326,1.2144445248737692
0.8972643028701028,1.2138239924718075
0.8990251760131762,1.21116922130331
0.9016755575486136,1.2072694040789667
0.9048638956770165,1.2071336795815997
0.9048638956770165,1.2062288495991533
0.9048638956770165,1.2064820210282419
0.9048638956770165,1.2005465173093905
0.9048638956770165,1.1972167429739884
0.9048638956770165,1.1919506324761509
0.9048638956770165,1.1903916104163959
0.9048638956770165,1.1906205324019545
0.9048638956770165,1.189250619808531
0.9048638956770165,1.1894352051249502
0.9048638956770165,1.1915706038835234
0.9048638956770165,1.1938688720389368
0.9048638956770165,1.1819794060695923
0.9048638956770165,1.180115456305753
0.9048638956770165,1.1816084257767896
0.9048638956770165,1.1812917352829333
0.9048638956770165,1.1788305977306792
0.9048638956770165,1.172786333447938
0.9048638956770165,1.1736006804321397
0.9048638956770165,1.1947737020213829
0.9048638956770165,1.1962938163918926
0.9048638956770165,1.1871550335691852
0.9048638956770165,1.1863949763839303
0.9048638956770165,1.190864836497215
0.9048638956770165,1.1924754338659695
0.9048638956770165,1.186014947791303
0.9048638956770165,1.178957273928222
0.9048638956770165,1.1834090374418578
0.9048638956770165,1.1853996634032393
0.9048638956770165,1.1856168225990265
0.9048638956770165,1.184060515029219
0.9048638956770165,1.1850739246095587
0.9048638956770165,1.1820336958685391
0.9048638956770165,1.1880236703523337
0.9048638956770165,1.1920049222750975
0.9048638956770165,1.1889465969344288
0.9048638956770165,1.1903038419080982
0.9048638956770165,1.1905843392026565
0.9048638956770165,1.1880417669519825
0.9048638956770165,1.1884398921442587
0.9048638956770165,1.1843681572232505
0.9048638956770165,1.1802783257025933
0.9048638956770165,1.1790296603268173
0.9048638956770165,1.1756274995928193
0.9048638956770165,1.1702528094970883
0.9048638956770165,1.1716281510704067
0.9048638956770165,1.167411643352207
0.9048638956770165,1.1564632005646067
0.9048638956770165,1.1585262129245846
0.9048638956770165,1.1586890823214249
0.9048638956770165,1.1558298195768948
0.9048638956770165,1.1511789934671206
0.9048638956770165,1.1498217484934512
0.9048638956770165,1.147469190539091
0.9048638956770165,1.1492788505039837
0.9048638956770165,1.1536763242186725
0.9048638956770165,1.153368682024641
0.9048638956770165,1.14967697569626
0.9048638956770165,1.1465462639569959
0.9048638956770165,1.1432526828208913
0.9048638956770165,1.1437412910114122
0.9048638956770165,1.1629417832389226
0.9048638956770165,1.1557936263775968
0.9048638956770165,1.1577842523389787
0.9048638956770165,1.170198519698142
0.9048638956770165,1.169791346206041
0.9048638956770165,1.173817839627927
0.9048638956770165,1.1767042472719307
0.9048638956770165,1.18404241842957
0.9048638956770165,1.1880417669519827
0.9048638956770165,1.190430518105641
0.9048638956770165,1.1904124215059917
0.9048638956770165,1.1885665683418012
0.9048638956770165,1.1842595776253568
0.9048638956770165,1.185653015798324
0.9048638956770165,1.1756455961924681
0.9048638956770165,1.1860330443909515
0.9048638956770165,1.1835176170397508
0.9048638956770165,1.1827747516241625
0.9048638956770165,1.1820883475994786
0.9048638956770165,1.1843500606236015
0.9048638956770165,1.1869197777737488
0.9048638956770165,1.191633941982294
0.9048638956770165,1.1898152337175771
0.9048638956770165,1.1904848079045873
0.9048638956770165,1.1906295807017786
0.9048638956770165,1.1879874771530357
0.9048638956770165,1.1913353480880868
0.9048638956770165,1.1923668542680756
0.9048638956770165,1.1835740784306557
0.9048638956770165,1.1810021896885503
0.9048638956770165,1.1831556850467724
0.9048638956770165,1.1872093233681318
0.9048638956770165,1.1884489404440832
0.9048638956770165,1.1834452306411551
0.9048638956770165,1.1930364284550856
0.9048638956770165,1.2208509021154847
0.9048638956770165,1.2176749488770984
0.9048638956770165,1.2213214137063568
0.9048638956770165,1.2234260482455268
0.9048638956770165,1.2229863008740578
0.9048638956770165,1.2177925767748163
0.9048638956770165,1.2230767838723025
0.9048638956770165,1.2219911688593634
0.9048638956770165,1.2220814708916115
0.9048638956770165,1.228460522267858
0.9048638956770165,1.2303335203315218
0.9048638956770165,1.2315459925079997
0.9048638956770165,1.2289762753578524
0.9048638956770165,1.2303425686313463
0.9048638956770165,1.2319441177002763
0.9048638956770165,1.233029913679212
0.9048638956770165,1.2295915597459162
0.9048638956770165,1.2295917407119126
0.9048638956770165,1.2295969887258107
0.9048638956770165,1.229320110751182
0.9048638956770165,1.229320110751182
0.9048638956770165,1.230043974737139
0.9048638956770165,1.2315121518666563
0.9048638956770165,1.2296277529452138
0.9048638956770165,1.2347490906458596
0.9048638956770165,1.2344414484518278
0.9048638956770165,1.2365316057112787
0.9048638956770165,1.2414267359163131
0.9048638956770165,1.2477424491937883
0.9048638956770165,1.2514520711558215
0.9048638956770165,1.2538500515753006
0.9048638956770165,1.2540038726723164
0.9048638956770165,1.2554063591451081
0.9048638956770165,1.2536600372789868
0.9048638956770165,1.2566278796214105
0.9048638956770165,1.2563075698076245
0.9048638956770165,1.2589442443764731
0.9048638956770165,1.2608443873396105
0.9048638956770165,1.2613510921297804
0.9048638956770165,1.2604824553466318
0.9048638956770165,1.2622018132792763
0.9048638956770165,1.2661104978374478
0.9048638956770165,1.2664724298304264
0.9048638956770165,1.265820952243065
0.9048638956770165,1.2666352992272667
0.9048638956770165,1.270779420546871
0.9048638956770165,1.2682458965960215
0.9048638956770165,1.267847771403745
0.9048638956770165,1.2680377857000589
0.9048638956770165,1.269566948370393
0.9048638956770165,1.2818366238983616
0.9048638956770165,1.285727211856884
0.9048638956770165,1.2862158200474052
0.9048638956770165,1.2883186449266104
0.9048638956770165,1.285392424763379
0.9048638956770165,1.2842070974863744
0.9048638956770165,1.2849309614723314
0.9048638956770165,1.2842613872853212
0.9048638956770165,1.2796829475741431
0.9048638956770165,1.280513943430022
0.9048638956770165,1.280587596590593
0.9048638956770165,1.2807687435530788
0.9048638956770165,1.2817188150346472
0.9048638956770165,1.2824879205197266
0.9048638956770165,1.2862158200474052
0.9048638956770165,1.280497113592348
0.9048638956770165,1.2789047937892393
0.9048638956770165,1.2768598780289107
0.9048638956770165,1.2772489549213624
0.9048638956770165,1.2781990264029313
0.9048638956770165,1.2742720642791143
0.9048638956770165,1.2742720642791143
0.9048638956770165,1.2837546824951513
0.9048638956770165,1.2849309614723317
0.9048638956770165,1.2842070974863746
0.9048638956770165,1.2828498525127052
0.9048638956770165,1.284808266526712
0.9048638956770165,1.2842251940860234
0.9048638956770165,1.287048263631256
0.9048638956770165,1.2852386036663632
0.9048638956770165,1.2880073834126489
0.9048638956770165,1.286858249334942
0.9048638956770165,1.2864329792431923
0.9048638956770165,1.2787690692918723
0.9048638956770165,1.2796579742666274
0.9048638956770165,1.282071698727801
0.9048638956770165,1.2847771403753152
0.9048638956770165,1.2874282922238829
0.9048638956770165,1.2916809931413806
0.9048638956770165,1.2913914475469979
0.9048638956770165,1.2914457373459445
0.9048638956770165,1.2912466747498061
0.9048638956770165,1.292042925134359
0.9048638956770165,1.2920519734341833
0.9048638956770165,1.2922510360303214
0.9048638956770165,1.2914095441466464
0.9048638956770165,1.2909933223547212
0.9048638956770165,1.2923324707287418
0.9048638956770165,1.2936895347364148
0.9048638956770165,1.2936806674025867
0.9048638956770165,1.294178323892932
0.9048638956770165,1.2877178378182657
0.9048638956770165,1.2858176948551283
0.9048638956770165,1.2848404784740863
0.9048638956770165,1.2851843138674157
0.9048638956770165,1.2867225248375744
0.9048638956770165,1.2876092582203718
0.9048638956770165,1.2878988038147543
0.9048638956770165,1.2862339166470533
0.9048638956770165,1.2874644854231803
0.9048638956770165,1.2849309614723305
0.9048638956770165,1.2842704355851446
0.9048638956770165,1.2859624676523191
0.9048638956770165,1.2859172261531968
0.9048638956770165,1.2877178378182648
0.9048638956770165,1.2871749398287968
0.9048638956770165,1.2918619591378688
0.9048638956770165,1.2931830109122404
0.9048638956770165,1.2927260717711049
0.9048638956770165,1.2976349553918725
0.9048638956770165,1.3000054289798852
0.9048638956770165,1.3000959119781297
0.9048638956770165,1.3105105050760866
0.9048638956770165,1.307877449827168
0.9048638956770165,1.3090808737038213
0.9048638956770165,1.3063754320563068
0.9048638956770165,1.308022222624359
0.9048638956770165,1.305072476881584
0.9048638956770165,1.3041314536998398
0.9048638956770165,1.3043308782279712
0.9048638956770165,1.304601965290712
0.9048638956770165,1.2985935322752755
0.9048638956770165,1.2967208961436045
0.9048638956770165,1.2999332235472856
0.9048638956770165,1.298376915977478
0.9048638956770165,1.2994625309904173
0.9048638956770165,1.3075336144338383
0.9048638956770165,1.3086375070124228
0.9048638956770165,1.3084565410159334
0.9048638956770165,1.3092346948008373
0.9048638956770165,1.3102300077815283
0.9048638956770165,1.3108000506704696
0.9048638956770165,1.3096690131924118
0.9048638956770165,1.3204002967842248
0.9048638956770165,1.3249427242621015
0.9048638956770165,1.32401961671401
0.9048638956770165,1.3228342894370053
0.9048638956770165,1.324897301796983
0.9048638956770165,1.3264242928753593
0.9048638956770165,1.3278741924392314
0.9048638956770165,1.3281818346332632
0.9048638956770165,1.3320635552579576
0.9048638956770165,1.3282540400658622
0.9048638956770165,1.324743480699967
0.9048638956770165,1.3241462929115524
0.9048638956770165,1.3231147867315636
0.9048638956770165,1.3238929405164674
0.9048638956770165,1.3330679165384727
0.9048638956770165,1.3338279737237275
0.9048638956770165,1.333520331529696
0.9048638956770165,1.3335746213286426
0.9048638956770165,1.334063229519164
0.9048638956770165,1.3325974049476008
0.9048638956770165,1.3346785139072272
0.9048638956770165,1.3367417072332015
0.9048638956770165,1.3385149930327995
0.9048638956770165,1.3395464992127883
0.9048638956770165,1.3379319205921112
0.9048638956770165,1.3395103060134903
0.9048638956770165,1.3364700772724707
0.9048638956770165,1.3377187426482466
0.9048638956770165,1.330299136792187
0.9048638956770165,1.3279103856385288
0.9048638956770165,1.3255578276841686
0.9048638956770165,1.3248882534971584
0.9048638956770165,1.3302086537939424
0.9048638956770165,1.3319097341609414
0.9048638956770165,1.3358909860837052
0.9048638956770165,1.333502234930047
0.9048638956770165,1.3370310718615876
0.9048638956770165,1.3386778624296398
0.9048638956770165,1.3428400803488927
0.9048638956770165,1.3430119980455577
0.9048638956770165,1.3439439729274774
0.9048638956770165,1.343346785139063
0.9048638956770165,1.347165167664986
0.9048638956770165,1.3521417325684406
0.9048638956770165,1.3559148735952418
0.9048638956770165,1.3533180115456211
0.9048638956770165,1.3531551421487809
0.9048638956770165,1.3541685517291207
0.9048638956770165,1.3537885231364934
0.9048638956770165,1.3375567780813895
0.9048638956770165,1.3409037441864584
0.9048638956770165,1.3396548978446858
0.9048638956770165,1.3408856475868094
0.9048638956770165,1.3445049675165945
0.9048638956770165,1.3421162163629363
0.9048638956770165,1.3375015834524602
0.9048638956770165,1.3401798802005012
0.9048638956770165,1.3360448071807214
0.9048638956770165,1.3324164389511117
0.9048638956770165,1.3327964675437391
0.9048638956770165,1.33379178052443
0.9048638956770165,1.3276208400441463
0.9048638956770165,1.3365424636710668
0.9048638956770165,1.330697261984464
0.9048638956770165,1.3267702998606468
0.9048638956770165,1.3264626576666152
0.9048638956770165,1.3321268933567287
0.9048638956770165,1.3333031723339088
0.9048638956770165,1.3291047612153581
0.9048638956770165,1.327910385638529
0.9048638956770165,1.3321449899563775
0.9048638956770165,1.3377006460485978
0.9048638956770165,1.3396007890117352
0.9048638956770165,1.3379992399428053
0.9048638956770165,1.3388769250257784
0.9048638956770165,1.3394469679147194
0.9048638956770165,1.3415009319748723
0.9048638956770165,1.3387683454278845
0.9048638956770165,1.3371758446587791
0.9048638956770165,1.3378816120450872
0.9048638956770165,1.337175844658779
0.9048638956770165,1.3458079226913167
0.9048638956770165,1.3410065328724639
0.9048638956770165,1.344124938923967
0.9048638956770165,1.3527751135561534
0.9048638956770165,1.350893067192665
0.9048638956770165,1.3529198863533447
0.9048638956770165,1.3523047829312775
0.9048638956770165,1.3524855679617704
0.9048638956770165,1.3520331529705474
0.9048638956770165,1.3492643732242617
0.9048638956770165,1.358656508442054
0.9048638956770165,1.3597604010206386
0.9048638956770165,1.3553448307063007
0.9048638956770165,1.3554534103041942
0.9048638956770165,1.355489603503492
0.9048638956770165,1.3556162797010347
0.9048638956770165,1.3581317070522354
0.9048638956770165,1.3581666334895581
0.9048638956770165,1.3566658824806725
0.9048638956770165,1.3556253280008594
0.9048638956770165,1.3568649450768107
0.9048638956770165,1.3567382688792684
0.9048638956770165,1.3587107982410012
0.9048638956770165,1.3581136104525868
0.9048638956770165,1.35755261586347
0.9048638956770165,1.3624386977686802
0.9048638956770165,1.3646283863262003
0.9048638956770165,1.365768653070079
0.9048638956770165,1.3657322789047848
0.9048638956770165,1.364917931920583
0.9048638956770165,1.3656417959065401
0.9048638956770165,1.3713965145948988
0.9048638956770165,1.3681753198573898
0.9048638956770165,1.368862990644049
0.9048638956770165,1.369568758030357
0.9048638956770165,1.3667818816844224
0.9048638956770165,1.3671800068766986
0.9048638956770165,1.3688448940443998
0.9048638956770165,1.3672885864745923
0.9048638956770165,1.367478600770906
0.9048638956770165,1.3694058886335168
0.9048638956770165,1.3716317703903347
0.9048638956770165,1.3745272263341626
0.9048638956770165,1.374472936535216
0.9048638956770165,1.3725094554733075
0.9048638956770165,1.3710345826019201
0.9048638956770165,1.3748348685281946
0.9048638956770165,1.374780578729248
0.9048638956770165,1.3751063175229286
0.9048638956770165,1.3733057058578604
0.9048638956770165,1.3736042997520674
0.9048638956770165,1.3743643569373223
0.9048638956770165,1.3679581606616025
0.9048638956770165,1.3684105756528255
0.9048638956770165,1.3666733020865287
0.9048638956770165,1.3665104326896884
0.9048638956770165,1.3673236938779112
0.9048638956770165,1.3673483052534339
0.9048638956770165,1.3648274489223386
0.9048638956770165,1.3630630304565683
0.9048638956770165,1.3648636421216362
0.9048638956770165,1.3669085578819649
0.9048638956770165,1.3695416131308833
0.9048638956770165,1.3711522104996376
0.9048638956770165,1.3710345826019197
0.9048638956770165,1.3700211730215797
0.9048638956770165,1.3549467055140245
0.9048638956770165,1.357027814473651
0.9048638956770165,1.3510740331891544
0.9048638956770165,1.3473642302611244
0.9048638956770165,1.3475994860565605
0.9048638956770165,1.337754935847545
0.9048638956770165,1.3344975479107382
0.9048638956770165,1.3406594400911975
0.9048638956770165,1.3481876255451506
0.9048638956770165,1.34415208382344
0.9048638956770165,1.3427134041513504
0.9048638956770165,1.3411932897808405
0.9048638956770165,1.3409037441864577
0.9048638956770165,1.337899708644736
0.9048638956770165,1.3470203948677948
0.9048638956770165,1.3350766390995037
0.9048638956770165,1.319350694004587
0.9048638956770165,1.3149260753904246
0.9048638956770165,1.3256721981939497
0.9048638956770165,1.3332488825349622
0.9048638956770165,1.3338098771240787
0.9048638956770165,1.3314030293707717
0.9048638956770165,1.3262635950704769
0.9048638956770165,1.3245806113031269
0.9048638956770165,1.321703432924944
0.9048638956770165,1.3222732948478886
0.9048638956770165,1.316400948261812
0.9048638956770165,1.3127816283320268
0.9048638956770165,1.320563166181065
0.9048638956770165,1.3131797535243033
0.9048638956770165,1.3176134204382903
0.9048638956770165,1.3147543386597564
0.9048638956770165,1.3300095911978047
0.9048638956770165,1.331466367469543
0.9048638956770165,1.3348821006532778
0.9048638956770165,1.3348956731030144
0.9048638956770165,1.333031723339175
0.9048638956770165,1.3434191715376584
0.9048638956770165,1.3371394704934847
0.9048638956770165,1.3419171537667975
0.9048638956770165,1.3415009319748723
0.9048638956770165,1.3409761305850536
0.9048638956770165,1.342098119763287
0.9048638956770165,1.3632530447528814
0.9048638956770165,1.3648314301742606
0.9048638956770165,1.3683562858538783
0.9048638956770165,1.3678314844640596
0.9048638956770165,1.3666642537867038
0.9048638956770165,1.3662932734939006
0.9048638956770165,1.365677989105837
0.9048638956770165,1.3646464829258484
0.9048638956770165,1.362547277366573
0.9048638956770165,1.3622215385728924
0.9048638956770165,1.3621853453735946
0.9048638956770165,1.3610905010948346
0.9048638956770165,1.3604661684069466
0.9048638956770165,1.3579507410557459
0.9048638956770165,1.3570267286776718
0.9048638956770165,1.3555455219964072
0.9048638956770165,1.3583488662480225
0.9048638956770165,1.3572540219692624
0.9048638956770165,1.35881032953907
0.9048638956770165,1.3500063338098678
0.9048638956770165,1.3409942271847026
0.9048638956770165,1.347744258853752
0.9048638956770165,1.3515264481803777
0.9048638956770165,1.3504589297670875
0.9048638956770165,1.351164516187399
0.9048638956770165,1.3518340903744093
0.9048638956770165,1.3507030528963515
0.9048638956770165,1.3510378399898566
0.9048638956770165,1.3570821042725976
0.9048638956770165,1.3476899690548052
0.9048638956770165,1.347490906458667
0.9048638956770165,1.3481061908467304
0.9048638956770165,1.3476356792558584
0.9048638956770165,1.345889357389737
0.9048638956770165,1.3470565880670926
0.9048638956770165,1.334027036319866
0.9048638956770165,1.3337736839247811
0.9048638956770165,1.3318644926618195
0.9048638956770165,1.3345228831502467
0.9048638956770165,1.331538753868139
0.9048638956770165,1.328331131580367
0.9048638956770165,1.3276932264427423
0.9048638956770165,1.331792106263224
0.9048638956770165,1.338533089632449
0.9048638956770165,1.336144338478791
0.9048638956770165,1.3313487395718258
0.9048638956770165,1.324417741906287
0.9048638956770165,1.3245444181038295
0.9048638956770165,1.3266074304638074
0.9048638956770165,1.3270236522557326
0.9048638956770165,1.32075318047738
0.9048638956770165,1.3305162959879755
0.9048638956770165,1.3285437666262425
0.9048638956770165,1.325657358982239
0.9048638956770165,1.327295101250467
0.9048638956770165,1.3280370618360728
0.9048638956770165,1.3269512658571372
0.9048638956770165,1.3226714200401661
0.9048638956770165,1.325539731084521
0.9048638956770165,1.3308239381820073
0.9048638956770165,1.3291409544146573
0.9048638956770165,1.3276751298430942
0.9048638956770165,1.3239834235147134
0.9048638956770165,1.3194049838035353
0.9048638956770165,1.3335201505637009
0.9048638956770165,1.335293798295292
0.9048638956770165,1.3364519806728232
0.9048638956770165,1.3367295825114376
0.9048638956770165,1.339890334606119
0.9048638956770165,1.3403970393962892
0.9048638956770165,1.3407408747896186
0.9048638956770165,1.3462603376825408
0.9048638956770165,1.34515626413796
0.9048638956770165,1.3496263052172413
0.9048638956770165,1.351399771982836
0.9048638956770165,1.350893067192666
0.9048638956770165,1.352051249570197
0.9048638956770165,1.350603521598283
0.9048638956770165,1.3488119582330393
0.9048638956770165,1.3517436073761653
0.9048638956770165,1.3550552851119186
0.9048638956770165,1.3527751135561539
0.9048638956770165,1.352168877467915
0.9048638956770165,1.351544544780027
0.9048638956770165,1.3494453392207517
0.9048638956770165,1.358620315242757
0.9048638956770165,1.352992272751941
0.9048638956770165,1.3475542445574389
0.9048638956770165,1.3430934327439785
0.9048638956770165,1.339582692412087
0.9048638956770165,1.344558352485559
0.9048638956770165,1.347834741851997
0.9048638956770165,1.3545485803217485
0.9048638956770165,1.3577154852603106
0.9048638956770165,1.3587650880399482
0.9048638956770165,1.3580412240539912
0.9048638956770165,1.3574440362655766
0.9048638956770165,1.360737617401681
0.9048638956770165,1.3596156282234475
0.9048638956770165,1.3551638647098119
0.9048638956770165,1.3508116324942452
0.9048638956770165,1.3524674713621219
0.9048638956770165,1.35536292730595
0.9048638956770165,1.3557610524982264
0.9048638956770165,1.3527389203568558
0.9048638956770165,1.3530646591505366
0.9048638956770165,1.3464594002786785
0.9048638956770165,1.342478148355915
0.9048638956770165,1.3403065563980436
0.9048638956770165,1.3476177636222062
0.9048638956770165,1.3470565880670928
0.9048638956770165,1.3487938616333899
0.9048638956770165,1.348811958233039
0.9048638956770165,1.3548019327168332
0.9048638956770165,1.3549286089143757
0.9048638956770165,1.3569916212743531
0.9048638956770165,1.3580231274543417
0.9048638956770165,1.360194719412213
0.9048638956770165,1.3591449356665788
0.9048638956770165,1.3603032990101067
0.9048638956770165,1.3625472773665734
0.9048638956770165,1.3594525778606108
0.9048638956770165,1.362343690620523
0.9048638956770165,1.3644836135290086
0.9048638956770165,1.3644655169293598
0.9048638956770165,1.3653793952116307
0.9048638956770165,1.3660399210988163
0.9048638956770165,1.3637959427423496
0.9048638956770165,1.3622036229392407
0.9048638956770165,1.359479903726081
0.9048638956770165,1.3570097178740026
0.9048638956770165,1.3558605837962958
0.9048638956770165,1.3564577715847106
0.9048638956770165,1.3556162797010354
0.9048638956770165,1.3596156282234477
0.9048638956770165,1.360339492209405
0.9048638956770165,1.3590184404350334
0.9048638956770165,1.360574748004841
0.9048638956770165,1.3613619500895693
0.9048638956770165,1.361172840623238
0.9048638956770165,1.36059284460449
0.9048638956770165,1.3652979605132105
0.9048638956770165,1.3635076639099422
0.9048638956770165,1.362075860945719
0.9048638956770165,1.36024900921116
0.9048638956770165,1.3648276298883348
0.9048638956770165,1.363017788957446
0.9048638956770165,1.365895148301625
0.9048638956770165,1.3606923759025589
0.9048638956770165,1.3647912557230406
0.9048638956770165,1.363723556343754
0.9048638956770165,1.3624206011690314
0.9048638956770165,1.3596156282234477
0.9048638956770165,1.357661195461364
0.9048638956770165,1.3587469914402996
0.9048638956770165,1.3478530194176428
0.9048638956770165,1.3482871568432204
0.9048638956770165,1.3515264481803784
0.9048638956770165,1.3506035215982832
0.9048638956770165,1.3474456649595457
0.9048638956770165,1.3470565880670937
0.9048638956770165,1.3449030927088714
0.9048638956770165,1.349463435820401
0.9048638956770165,1.346513690077626
0.9048638956770165,1.3499882372102199
0.9048638956770165,1.3481604806456784
0.9048638956770165,1.3473823268607745
0.9048638956770165,1.3440706491250212
0.9048638956770165,1.3429486599467877
0.9048638956770165,1.3488662480319864
0.9048638956770165,1.3513454821838893
0.9048638956770165,1.3527570169565055
0.9048638956770165,1.35487431911543
0.9048638956770165,1.3546933531189407
0.9048638956770165,1.3542952279266642
0.9048638956770165,1.354132358529824
0.9048638956770165,1.3550371885122703
0.9048638956770165,1.353508025841936
0.9048638956770165,1.3568106552778652
0.9048638956770165,1.3569373314754078
0.9048638956770165,1.3545666769213984
0.9048638956770165,1.35436761432526
0.9048638956770165,1.3524131815631761
0.9048638956770165,1.338379268535434
0.9048638956770165,1.3360900486798448
0.9048638956770165,1.3352485567961698
0.9048638956770165,1.3366691398686104
0.9048638956770165,1.334063229519165
0.9048638956770165,1.333773683924782
0.9048638956770165,1.3359633724823023
0.9048638956770165,1.3346785139072286
0.9048638956770165,1.3402070250999756
0.9048638956770165,1.3445773539151913
0.9048638956770165,1.3417904775692568
0.9048638956770165,1.3409218407861083
0.9048638956770165,1.3362167248773875
0.9048638956770165,1.337067265060887
0.9048638956770165,1.3420438299643416
0.9048638956770165,1.3385875603973931
0.9048638956770165,1.3345970792088084
0.9048638956770165,1.3338225447438345
0.9048638956770165,1.3351671220977497
0.9048638956770165,1.3374472936535144
0.9048638956770165,1.3373749072549188
0.9048638956770165,1.3328145641433895
0.9048638956770165,1.3366872364682596
0.9048638956770165,1.3431567708427508
0.9048638956770165,1.3438715865288833
0.9048638956770165,1.341301869378736
0.9048638956770165,1.341772380969608
0.9048638956770165,1.340523715593832
0.9048638956770165,1.334343726813724
0.9048638956770165,1.3297743354023701
0.9048638956770165,1.3278018060406371
0.9048638956770165,1.3298467218009657
0.9048638956770165,1.3326471705966372
0.9048638956770165,1.3426772109520544
0.9048638956770165,1.3202193307877372
0.9048638956770165,1.3366600915687865
0.9048638956770165,1.3323259559528688
0.9048638956770165,1.3339365533216232
0.9048638956770165,1.337311569156148
0.9048638956770165,1.3387502488282375
0.9048638956770165,1.3405418121934813
0.9048638956770165,1.3422428925604806
0.9048638956770165,1.3426591143524058
0.9048638956770165,1.3436725239327456
0.9048638956770165,1.3447416710400042
0.9048638956770165,1.3475090030583181
0.9048638956770165,1.3489929242295302
0.9048638956770165,1.3503049277040773
0.9048638956770165,1.351490254981082
0.9048638956770165,1.3637597495430538
0.9048638956770165,1.36696302864691
0.9048638956770165,1.3680214987603758
0.9048638956770165,1.3685010586510724
0.9048638956770165,1.3710800050670406
0.9048638956770165,1.371604625490863
0.9048638956770165,1.3710526792015707
0.9048638956770165,1.3814220308004055
0.9048638956770165,1.3867424310971896
0.9048638956770165,1.39061510342206
0.9048638956770165,1.3939177328579888
0.9048638956770165,1.396279339112174
0.9048638956770165,1.3971841690946203
0.9048638956770165,1.395754537722355
0.9048638956770165,1.4055694095079465
0.9048638956770165,1.3997176930454698
0.9048638956770165,1.3946054036446482
0.9048638956770165,1.396790568052256
0.9048638956770165,1.3962521942127004
0.9048638956770165,1.3959536003184931
0.9048638956770165,1.3929676613764204
0.9048638956770165,1.3951030601349936
0.9048638956770165,1.3952206880327116
0.9048638956770165,1.3900722054325922
0.9048638956770165,1.3915561266038043
0.9048638956770165,1.3909594817133792
0.9048638956770165,1.3915651749036286
0.9048638956770165,1.3908322626178469
0.9048638956770165,1.3953207622287702
0.9048638956770165,1.3985957038672363
0.9048638956770165,1.398921442660917
0.9048638956770165,1.396967009898833
0.9048638956770165,1.397365135091109
0.9048638956770165,1.3965326915072585
0.9048638956770165,1.3992290848549485
0.9048638956770165,1.3997158833855046
0.9048638956770165,1.3997991277438895
0.9048638956770165,1.4012378074159788
0.9048638956770165,1.398794766463374
0.9048638956770165,1.3983966412710975
0.9048638956770165,1.3992109882552992
0.9048638956770165,1.398975732459863
0.9048638956770165,1.3999800937403786
0.9048638956770165,1.399989142040203
0.9048638956770165,1.397075589496726
0.9048638956770165,1.3955011853272694
0.9048638956770165,1.3956819703577623
0.9048638956770165,1.393573897464659
0.9048638956770165,1.3941982301525466
0.9048638956770165,1.3981251922763636
0.9048638956770165,1.3974556180893534
0.9048638956770165,1.3971117826960238
0.9048638956770165,1.398704283465129
0.9048638956770165,1.3985234984346364
0.9048638956770165,1.3989757324598628
0.9048638956770165,1.3980347092781187
0.9048638956770165,1.4072277818997732
0.9048638956770165,1.407481134294858
0.9048638956770165,1.403355109574903
0.9048638956770165,1.405562894732072
0.9048638956770165,1.4056443294304921
0.9048638956770165,1.4074449410955603
0.9048638956770165,1.407499230894507
0.9048638956770165,1.4075897138927518
0.9048638956770165,1.408494543875198
0.9048638956770165,1.405662426030141
0.9048638956770165,1.4047123545485722
0.9048638956770165,1.4037532347671793
0.9048638956770165,1.4039884905626152
0.9048638956770165,1.4046399681499764
0.9048638956770165,1.4048390307461145
0.9048638956770165,1.4030121790115553
0.9048638956770165,1.402975080982275
0.9048638956770165,1.4030293707812216
0.9048638956770165,1.4019073816029883
0.9048638956770165,1.3996092944135714
0.9048638956770165,1.3998353209431864
0.9048638956770165,1.3982880616732032
0.9048638956770165,1.3906693932210057
0.9048638956770165,1.3896740802403147
0.9048638956770165,1.3904703306248674
0.9048638956770165,1.3909589388153882
0.9048638956770165,1.3891311822508468
0.9048638956770165,1.389312148247336
0.9048638956770165,1.3887692502578681
0.9048638956770165,1.393420076367642
0.9048638956770165,1.397401328290406
0.9048638956770165,1.394561790839493
0.9048638956770165,1.3928590817785254
0.9048638956770165,1.392547096400578
0.9048638956770165,1.392560487884318
0.9048638956770165,1.3917370926002919
0.9048638956770165,1.3871948460884114
0.9048638956770165,1.388280642067347
0.9048638956770165,1.385871984654075
0.9048638956770165,1.3869595902929754
0.9048638956770165,1.3835574295589774
0.9048638956770165,1.3812084909245468
0.9048638956770165,1.3801371722253304
0.9048638956770165,1.3835074829439462
0.9048638956770165,1.385864926980212
0.9048638956770165,1.3883711250655915
0.9048638956770165,1.3869053004940284
0.9048638956770165,1.3851680269277313
0.9048638956770165,1.3865569409507865
0.9048638956770165,1.3856385385186036
0.9048638956770165,1.3814582239997015
0.9048638956770165,1.3819287355905736
0.9048638956770165,1.3835214173256754
0.9048638956770165,1.3829059519716154
0.9048638956770165,1.381295354602861
0.9048638956770165,1.3825802131779348
0.9048638956770165,1.3816029967968928
0.9048638956770165,1.3856385385186034
0.9048638956770165,1.3838831683526576
0.9048638956770165,1.3851861235273804
0.9048638956770165,1.385765214716146
0.9048638956770165,1.3844622595414233
0.9048638956770165,1.3855571038201833
0.9048638956770165,1.3859280841129864
0.9048638956770165,1.3878101304764747
0.9048638956770165,1.3859461807126354
0.9048638956770165,1.3849689643315934
0.9048638956770165,1.3838831683526578
0.9048638956770165,1.3856023453193056
0.9048638956770165,1.3871224596898153
0.9048638956770165,1.3861090501094755
0.9048638956770165,1.3905528511192655
0.9048638956770165,1.3941529886534225
0.9048638956770165,1.394596355344821
0.9048638956770165,1.397039396297426
0.9037836240438406,1.3956640547241077
0.9036368724443953,1.3928047919795774
0.9029822822885875,1.3953745091297252
0.8952816881753017,1.3965688847065543
0.8923980019773065,1.402414267359154
0.8892314393700856,1.3953926057293744
0.8869267813055001,1.3928771783781737
0.8856961539875009,1.3926055484174433
0.8879274687972921,1.3910494218136322
0.8901622907776233,1.3923342803887062
0.8786586091626718,1.386525271901401
0.8810835837355812,1.386109050109476
0.8817040916231746,1.3851497493620861
0.8846549601572974,1.3859099875133376
0.8866287835627377,1.3871405562894643
0.8880610610772603,1.3856023453193056
0.8847519022984576,1.3879187100743684
0.8820173356271198,1.3789880381476234
0.8797889531976589,1.3817477695940847
0.8814935437185084,1.3831050145677541
0.8828704213002835,1.3794314048390222
0.8802879826749302,1.3785808646555227
0.8812352071809457,1.3766617202627542
0.8812352071809457,1.3783275122604377
0.8812352071809457,1.380888181110761
0.8812352071809457,1.3849508677319446
0.8812352071809457,1.3860638086103536
0.8812352071809457,1.3842451003456366
0.8812352071809457,1.3847156119365087
0.8812352071809457,1.3840460377494985
0.8812352071809457,1.3846432255379133
0.8812352071809457,1.3925966810836161
0.8812352071809457,1.3921352177925685
0.8812352071809457,1.3994281474510857
0.8812352071809457,1.398649993666182
0.8812352071809457,1.39935576105249
0.8812352071809457,1.400079625038447
0.8812352071809457,1.3991566984563517
0.8812352071809457,1.397618487486193
0.8812352071809457,1.3924428599866006
0.8812352071809457,1.3933612624187834
0.8812352071809457,1.395048770336046
0.8812352071809457,1.392428563672878
0.8812352071809457,1.3938905879585146
0.8812352071809457,1.3938543947592168
0.8812352071809457,1.3888597332561132
0.8812352071809457,1.3891854720497936
0.8812352071809457,1.3887149604589215
0.8812352071809457,1.3879368066740179
0.8812352071809457,1.3888416366564642
0.8812352071809457,1.3875929712806883
0.8812352071809457,1.3860909535098274
0.8812352071809457,1.382761179174425
0.8812352071809457,1.3821639913860102
0.8812352071809457,1.3792866320418309
0.8812352071809457,1.3799851607882794
0.8812352071809457,1.3808067464123406
0.8812352071809457,1.3806076838162025
0.8812352071809457,1.3795761776362139
0.8812352071809457,1.369478275032113
0.8812352071809457,1.374254872509447
0.8812352071809457,1.3726994697696218
0.8812352071809457,1.3739119419461
0.8812352071809457,1.3722199098789252
0.8812352071809457,1.3713605023615978
0.8812352071809457,1.3714869975931439
0.8812352071809457,1.386760527696837
0.8812352071809457,1.3825078267793396
0.8812352071809457,1.385701876617375
0.8812352071809457,1.3854937657214124
0.8812352071809457,1.3857290215168485
0.8812352071809457,1.3844622595414235
0.8812352071809457,1.3829330968710893
0.8812352071809457,1.375341573318365
0.8812352071809457,1.3727537595685686
0.8812352071809457,1.378508478256927
0.8812352071809457,1.3805895872165537
0.8812352071809457,1.3795940932698663
0.8812352071809457,1.3791925297236567
0.8812352071809457,1.3767350114913326
0.8812352071809457,1.374454839935568
0.8812352071809457,1.368899183843348
0.8812352071809457,1.3701207043196504
0.8812352071809457,1.3712517417977081
0.8812352071809457,1.3704012016142086
0.8812352071809457,1.370799326806485
0.8812352071809457,1.370600264210347
0.8812352071809457,1.375703505311344
0.8812352071809457,1.375721601910993
0.8812352071809457,1.3765902386941415
0.8812352071809457,1.3749253515264401
0.8812352071809457,1.3757577951102906
0.8812352071809457,1.3642845509328716
0.8812352071809457,1.3646464829258502
0.8812352071809457,1.3776036482744811
0.8812352071809457,1.3767712046906304
0.8812352071809457,1.3799381096291923
0.8812352071809457,1.3797842885321765
0.8812352071809457,1.3801009790260328
0.8812352071809457,1.3797571436327032
0.8812352071809457,1.3801190756256818
0.8812352071809457,1.3802276552235755
0.8812352071809457,1.3748167719285467
0.8812352071809457,1.375214897120823
0.8812352071809457,1.373531913353473
0.8812352071809457,1.3742548725094474
0.8812352071809457,1.3750339311243338
0.8812352071809457,1.3775674550751833
0.8812352071809457,1.3783094156607891
0.8812352071809457,1.3892578584483894
0.8812352071809457,1.392008541595026
0.8812352071809457,1.3947773213413117
0.8812352071809457,1.3976365840858422
0.8812352071809457,1.3986771385656556
0.8812352071809457,1.4012106625165053
0.8812352071809457,1.3998262726433623
0.8812352071809457,1.3997900794440645
0.8812352071809457,1.4003329774335322
0.8812352071809457,1.399627210047224
0.8812352071809457,1.3989304909607403
0.8812352071809457,1.3999167556416068
0.8812352071809457,1.400857778823351
0.8812352071809457,1.4002424944352874
0.8812352071809457,1.399591016847926
0.8812352071809457,1.3996634032465218
0.8812352071809457,1.3946506451437692
0.8812352071809457,1.3938724913588654
0.8812352071809457,1.3909679871152127
0.8812352071809457,1.3887692502578681
0.8812352071809457,1.3916285130023986
0.8812352071809457,1.3901445918311868
0.8812352071809457,1.389366438046283
0.8812352071809457,1.3850775439294873
0.8812352071809457,1.3834850431603818
0.8812352071809457,1.3831050145677541
0.8812352071809457,1.3903436544273244
0.8812352071809457,1.3878825168750706
0.8812352071809457,1.3897102734396123
